-- phpMyAdmin SQL Dump
-- version 4.8.4
-- https://www.phpmyadmin.net/
--
-- Host: 127.0.0.1
-- Generation Time: Aug 21, 2019 at 03:40 AM
-- Server version: 10.1.37-MariaDB
-- PHP Version: 7.3.1

SET SQL_MODE = "NO_AUTO_VALUE_ON_ZERO";
SET AUTOCOMMIT = 0;
START TRANSACTION;
SET time_zone = "+00:00";


/*!40101 SET @OLD_CHARACTER_SET_CLIENT=@@CHARACTER_SET_CLIENT */;
/*!40101 SET @OLD_CHARACTER_SET_RESULTS=@@CHARACTER_SET_RESULTS */;
/*!40101 SET @OLD_COLLATION_CONNECTION=@@COLLATION_CONNECTION */;
/*!40101 SET NAMES utf8mb4 */;

--
-- Database: `ormistonathleticsclub`
--

-- --------------------------------------------------------

--
-- Table structure for table `events`
--

CREATE TABLE `events` (
  `ID` int(4) UNSIGNED NOT NULL,
  `eventDate` date NOT NULL
) ENGINE=InnoDB DEFAULT CHARSET=latin1;

--
-- Dumping data for table `events`
--

INSERT INTO `events` (`ID`, `eventDate`) VALUES
(1, '2012-01-25'),
(2, '2012-02-01'),
(3, '2012-02-08'),
(4, '2012-02-15'),
(5, '2012-02-22'),
(6, '2012-02-29'),
(7, '2012-03-14'),
(8, '2012-03-07'),
(9, '2012-03-21'),
(10, '2012-03-28');

-- --------------------------------------------------------

--
-- Table structure for table `login`
--

CREATE TABLE `login` (
  `ID` int(1) UNSIGNED NOT NULL,
  `username` varchar(15) NOT NULL,
  `password` varchar(15) NOT NULL,
  `firstName` varchar(15) NOT NULL
) ENGINE=InnoDB DEFAULT CHARSET=latin1;

--
-- Dumping data for table `login`
--

INSERT INTO `login` (`ID`, `username`, `password`, `firstName`) VALUES
(1, 'admin', 'admin', 'Wiaam');

-- --------------------------------------------------------

--
-- Table structure for table `memberevents`
--

CREATE TABLE `memberevents` (
  `memberID` int(4) UNSIGNED NOT NULL,
  `eventID` int(4) UNSIGNED DEFAULT NULL,
  `points` int(2) UNSIGNED DEFAULT '0'
) ENGINE=InnoDB DEFAULT CHARSET=latin1;

--
-- Dumping data for table `memberevents`
--

INSERT INTO `memberevents` (`memberID`, `eventID`, `points`) VALUES
(1, 1, 6),
(1, 2, 10),
(1, 3, 2),
(1, 4, 9),
(1, 5, 5),
(1, 6, 1),
(1, 8, 6),
(1, 7, 1),
(1, 9, 1),
(1, 10, 9),
(2, 1, 10),
(2, 2, 5),
(2, 3, 2),
(2, 4, 1),
(2, 5, 4),
(2, 6, 5),
(2, 8, 9),
(2, 7, 1),
(2, 9, 6),
(2, 10, 7),
(3, 1, 7),
(3, 2, 3),
(3, 3, 4),
(3, 4, 8),
(3, 5, 3),
(3, 6, 6),
(3, 8, 2),
(3, 7, 1),
(3, 9, 4),
(3, 10, 4),
(4, 1, 6),
(4, 2, 5),
(4, 3, 3),
(4, 4, 8),
(4, 5, 1),
(4, 6, 7),
(4, 8, 4),
(4, 7, 7),
(4, 9, 1),
(4, 10, 5),
(5, 1, 10),
(5, 2, 7),
(5, 3, 10),
(5, 4, 1),
(5, 5, 2),
(5, 6, 9),
(5, 8, 2),
(5, 7, 10),
(5, 9, 8),
(5, 10, 1),
(6, 1, 9),
(6, 2, 8),
(6, 3, 4),
(6, 4, 2),
(6, 5, 8),
(6, 6, 6),
(6, 8, 10),
(6, 7, 10),
(6, 9, 3),
(6, 10, 5),
(7, 1, 1),
(7, 2, 10),
(7, 3, 8),
(7, 4, 7),
(7, 5, 5),
(7, 6, 10),
(7, 8, 8),
(7, 7, 8),
(7, 9, 5),
(7, 10, 10),
(8, 1, 9),
(8, 2, 6),
(8, 3, 6),
(8, 4, 10),
(8, 5, 6),
(8, 6, 8),
(8, 8, 10),
(8, 7, 8),
(8, 9, 1),
(8, 10, 3),
(9, 1, 1),
(9, 2, 6),
(9, 3, 5),
(9, 4, 6),
(9, 5, 3),
(9, 6, 2),
(9, 8, 10),
(9, 7, 7),
(9, 9, 4),
(9, 10, 9),
(10, 1, 7),
(10, 2, 8),
(10, 3, 7),
(10, 4, 8),
(10, 5, 2),
(10, 6, 10),
(10, 8, 5),
(10, 7, 3),
(10, 9, 8),
(10, 10, 4),
(11, 1, 1),
(11, 2, 6),
(11, 3, 7),
(11, 4, 8),
(11, 5, 3),
(11, 6, 9),
(11, 8, 10),
(11, 7, 1),
(11, 9, 9),
(11, 10, 2),
(12, 1, 3),
(12, 2, 7),
(12, 3, 2),
(12, 4, 7),
(12, 5, 9),
(12, 6, 10),
(12, 8, 10),
(12, 7, 8),
(12, 9, 10),
(12, 10, 7),
(13, 1, 8),
(13, 2, 5),
(13, 3, 8),
(13, 4, 10),
(13, 5, 1),
(13, 6, 3),
(13, 8, 10),
(13, 7, 9),
(13, 9, 3),
(13, 10, 5),
(14, 1, 4),
(14, 2, 9),
(14, 3, 7),
(14, 4, 4),
(14, 5, 5),
(14, 6, 8),
(14, 8, 5),
(14, 7, 3),
(14, 9, 5),
(14, 10, 7),
(15, 1, 10),
(15, 2, 5),
(15, 3, 7),
(15, 4, 2),
(15, 5, 2),
(15, 6, 3),
(15, 8, 6),
(15, 7, 6),
(15, 9, 1),
(15, 10, 4),
(16, 1, 4),
(16, 2, 8),
(16, 3, 10),
(16, 4, 3),
(16, 5, 5),
(16, 6, 10),
(16, 8, 2),
(16, 7, 9),
(16, 9, 3),
(16, 10, 9),
(17, 1, 3),
(17, 2, 10),
(17, 3, 9),
(17, 4, 7),
(17, 5, 10),
(17, 6, 3),
(17, 8, 9),
(17, 7, 1),
(17, 9, 8),
(17, 10, 5),
(18, 1, 1),
(18, 2, 3),
(18, 3, 5),
(18, 4, 2),
(18, 5, 5),
(18, 6, 9),
(18, 8, 9),
(18, 7, 9),
(18, 9, 5),
(18, 10, 10),
(19, 1, 3),
(19, 2, 5),
(19, 3, 10),
(19, 4, 8),
(19, 5, 1),
(19, 6, 7),
(19, 8, 10),
(19, 7, 10),
(19, 9, 2),
(19, 10, 8),
(20, 1, 3),
(20, 2, 9),
(20, 3, 1),
(20, 4, 4),
(20, 5, 3),
(20, 6, 1),
(20, 8, 1),
(20, 7, 4),
(20, 9, 3),
(20, 10, 8),
(21, 1, 2),
(21, 2, 1),
(21, 3, 9),
(21, 4, 5),
(21, 5, 9),
(21, 6, 8),
(21, 8, 8),
(21, 7, 10),
(21, 9, 9),
(21, 10, 10),
(22, 1, 2),
(22, 2, 5),
(22, 3, 4),
(22, 4, 4),
(22, 5, 9),
(22, 6, 2),
(22, 8, 1),
(22, 7, 8),
(22, 9, 7),
(22, 10, 7),
(23, 1, 6),
(23, 2, 9),
(23, 3, 3),
(23, 4, 7),
(23, 5, 2),
(23, 6, 3),
(23, 8, 5),
(23, 7, 10),
(23, 9, 1),
(23, 10, 7),
(24, 1, 8),
(24, 2, 2),
(24, 3, 10),
(24, 4, 3),
(24, 5, 3),
(24, 6, 4),
(24, 8, 5),
(24, 7, 10),
(24, 9, 7),
(24, 10, 2),
(25, 1, 9),
(25, 2, 8),
(25, 3, 8),
(25, 4, 4),
(25, 5, 3),
(25, 6, 5),
(25, 8, 3),
(25, 7, 8),
(25, 9, 1),
(25, 10, 7),
(26, 1, 10),
(26, 2, 6),
(26, 3, 3),
(26, 4, 8),
(26, 5, 10),
(26, 6, 3),
(26, 8, 1),
(26, 7, 1),
(26, 9, 6),
(26, 10, 7),
(27, 1, 9),
(27, 2, 8),
(27, 3, 1),
(27, 4, 7),
(27, 5, 1),
(27, 6, 4),
(27, 8, 5),
(27, 7, 10),
(27, 9, 1),
(27, 10, 9),
(28, 1, 6),
(28, 2, 8),
(28, 3, 10),
(28, 4, 8),
(28, 5, 5),
(28, 6, 7),
(28, 8, 9),
(28, 7, 10),
(28, 9, 6),
(28, 10, 8),
(29, 1, 10),
(29, 2, 6),
(29, 3, 8),
(29, 4, 7),
(29, 5, 8),
(29, 6, 1),
(29, 8, 8),
(29, 7, 4),
(29, 9, 5),
(29, 10, 4),
(30, 1, 4),
(30, 2, 7),
(30, 3, 2),
(30, 4, 5),
(30, 5, 6),
(30, 6, 10),
(30, 8, 2),
(30, 7, 2),
(30, 9, 4),
(30, 10, 2),
(31, 1, 3),
(31, 2, 6),
(31, 3, 5),
(31, 4, 7),
(31, 5, 10),
(31, 6, 3),
(31, 8, 2),
(31, 7, 6),
(31, 9, 5),
(31, 10, 10),
(32, 1, 2),
(32, 2, 2),
(32, 3, 9),
(32, 4, 6),
(32, 5, 8),
(32, 6, 9),
(32, 8, 3),
(32, 7, 10),
(32, 9, 1),
(32, 10, 1),
(33, 1, 7),
(33, 2, 6),
(33, 3, 5),
(33, 4, 6),
(33, 5, 7),
(33, 6, 6),
(33, 8, 3),
(33, 7, 8),
(33, 9, 9),
(33, 10, 1),
(34, 1, 7),
(34, 2, 4),
(34, 3, 10),
(34, 4, 2),
(34, 5, 3),
(34, 6, 6),
(34, 8, 6),
(34, 7, 3),
(34, 9, 8),
(34, 10, 10),
(35, 1, 3),
(35, 2, 4),
(35, 3, 10),
(35, 4, 9),
(35, 5, 3),
(35, 6, 10),
(35, 8, 2),
(35, 7, 2),
(35, 9, 2),
(35, 10, 6),
(36, 1, 8),
(36, 2, 5),
(36, 3, 3),
(36, 4, 3),
(36, 5, 3),
(36, 6, 4),
(36, 8, 2),
(36, 7, 8),
(36, 9, 4),
(36, 10, 2),
(37, 1, 4),
(37, 2, 2),
(37, 3, 7),
(37, 4, 10),
(37, 5, 7),
(37, 6, 4),
(37, 8, 2),
(37, 7, 8),
(37, 9, 2),
(37, 10, 10),
(38, 1, 4),
(38, 2, 9),
(38, 3, 5),
(38, 4, 7),
(38, 5, 4),
(38, 6, 9),
(38, 8, 4),
(38, 7, 9),
(38, 9, 6),
(38, 10, 2),
(39, 1, 10),
(39, 2, 6),
(39, 3, 7),
(39, 4, 9),
(39, 5, 7),
(39, 6, 2),
(39, 8, 5),
(39, 7, 8),
(39, 9, 3),
(39, 10, 2),
(40, 1, 6),
(40, 2, 8),
(40, 3, 7),
(40, 4, 6),
(40, 5, 8),
(40, 6, 3),
(40, 8, 2),
(40, 7, 2),
(40, 9, 1),
(40, 10, 5),
(41, 1, 1),
(41, 2, 1),
(41, 3, 9),
(41, 4, 4),
(41, 5, 9),
(41, 6, 3),
(41, 8, 2),
(41, 7, 5),
(41, 9, 10),
(41, 10, 3),
(42, 1, 1),
(42, 2, 7),
(42, 3, 7),
(42, 4, 9),
(42, 5, 9),
(42, 6, 7),
(42, 8, 6),
(42, 7, 2),
(42, 9, 10),
(42, 10, 6),
(43, 1, 4),
(43, 2, 3),
(43, 3, 6),
(43, 4, 7),
(43, 5, 7),
(43, 6, 7),
(43, 8, 3),
(43, 7, 8),
(43, 9, 9),
(43, 10, 3),
(44, 1, 7),
(44, 2, 8),
(44, 3, 4),
(44, 4, 10),
(44, 5, 9),
(44, 6, 2),
(44, 8, 7),
(44, 7, 7),
(44, 9, 8),
(44, 10, 1),
(45, 1, 5),
(45, 2, 3),
(45, 3, 3),
(45, 4, 3),
(45, 5, 6),
(45, 6, 1),
(45, 8, 8),
(45, 7, 10),
(45, 9, 2),
(45, 10, 1),
(46, 1, 1),
(46, 2, 2),
(46, 3, 7),
(46, 4, 8),
(46, 5, 9),
(46, 6, 6),
(46, 8, 4),
(46, 7, 1),
(46, 9, 7),
(46, 10, 4),
(47, 1, 9),
(47, 2, 4),
(47, 3, 8),
(47, 4, 1),
(47, 5, 5),
(47, 6, 3),
(47, 8, 1),
(47, 7, 6),
(47, 9, 9),
(47, 10, 7),
(48, 1, 1),
(48, 2, 4),
(48, 3, 7),
(48, 4, 6),
(48, 5, 4),
(48, 6, 3),
(48, 8, 2),
(48, 7, 6),
(48, 9, 1),
(48, 10, 8),
(49, 1, 7),
(49, 2, 7),
(49, 3, 2),
(49, 4, 2),
(49, 5, 10),
(49, 6, 2),
(49, 8, 8),
(49, 7, 3),
(49, 9, 8),
(49, 10, 10),
(50, 1, 7),
(50, 2, 6),
(50, 3, 8),
(50, 4, 5),
(50, 5, 5),
(50, 6, 8),
(50, 8, 9),
(50, 7, 1),
(50, 9, 10),
(50, 10, 3),
(51, 1, 10),
(51, 2, 3),
(51, 3, 6),
(51, 4, 9),
(51, 5, 7),
(51, 6, 5),
(51, 8, 3),
(51, 7, 3),
(51, 9, 5),
(51, 10, 3),
(52, 1, 4),
(52, 2, 10),
(52, 3, 9),
(52, 4, 4),
(52, 5, 9),
(52, 6, 1),
(52, 8, 2),
(52, 7, 5),
(52, 9, 4),
(52, 10, 1),
(53, 1, 5),
(53, 2, 5),
(53, 3, 8),
(53, 4, 10),
(53, 5, 10),
(53, 6, 7),
(53, 8, 7),
(53, 7, 6),
(53, 9, 2),
(53, 10, 10),
(54, 1, 7),
(54, 2, 1),
(54, 3, 7),
(54, 4, 3),
(54, 5, 4),
(54, 6, 2),
(54, 8, 4),
(54, 7, 8),
(54, 9, 7),
(54, 10, 9),
(55, 1, 2),
(55, 2, 10),
(55, 3, 8),
(55, 4, 7),
(55, 5, 4),
(55, 6, 3),
(55, 8, 3),
(55, 7, 9),
(55, 9, 2),
(55, 10, 7),
(56, 1, 6),
(56, 2, 8),
(56, 3, 3),
(56, 4, 3),
(56, 5, 1),
(56, 6, 8),
(56, 8, 9),
(56, 7, 2),
(56, 9, 10),
(56, 10, 4),
(57, 1, 1),
(57, 2, 10),
(57, 3, 7),
(57, 4, 1),
(57, 5, 5),
(57, 6, 5),
(57, 8, 1),
(57, 7, 7),
(57, 9, 10),
(57, 10, 8),
(58, 1, 3),
(58, 2, 1),
(58, 3, 1),
(58, 4, 9),
(58, 5, 6),
(58, 6, 9),
(58, 8, 2),
(58, 7, 9),
(58, 9, 4),
(58, 10, 8),
(59, 1, 10),
(59, 2, 7),
(59, 3, 2),
(59, 4, 5),
(59, 5, 10),
(59, 6, 10),
(59, 8, 6),
(59, 7, 4),
(59, 9, 8),
(59, 10, 5),
(60, 1, 4),
(60, 2, 10),
(60, 3, 5),
(60, 4, 4),
(60, 5, 8),
(60, 6, 1),
(60, 8, 10),
(60, 7, 1),
(60, 9, 6),
(60, 10, 8),
(61, 1, 7),
(61, 2, 4),
(61, 3, 9),
(61, 4, 6),
(61, 5, 4),
(61, 6, 10),
(61, 8, 3),
(61, 7, 10),
(61, 9, 9),
(61, 10, 1),
(62, 1, 5),
(62, 2, 5),
(62, 3, 7),
(62, 4, 9),
(62, 5, 3),
(62, 6, 7),
(62, 8, 8),
(62, 7, 5),
(62, 9, 3),
(62, 10, 2),
(63, 1, 10),
(63, 2, 9),
(63, 3, 1),
(63, 4, 5),
(63, 5, 7),
(63, 6, 8),
(63, 8, 7),
(63, 7, 2),
(63, 9, 6),
(63, 10, 10),
(64, 1, 4),
(64, 2, 10),
(64, 3, 10),
(64, 4, 2),
(64, 5, 10),
(64, 6, 9),
(64, 8, 3),
(64, 7, 9),
(64, 9, 3),
(64, 10, 2),
(65, 1, 9),
(65, 2, 1),
(65, 3, 8),
(65, 4, 3),
(65, 5, 1),
(65, 6, 3),
(65, 8, 4),
(65, 7, 8),
(65, 9, 8),
(65, 10, 8),
(66, 1, 1),
(66, 2, 4),
(66, 3, 10),
(66, 4, 6),
(66, 5, 6),
(66, 6, 4),
(66, 8, 2),
(66, 7, 6),
(66, 9, 6),
(66, 10, 10),
(67, 1, 5),
(67, 2, 1),
(67, 3, 9),
(67, 4, 8),
(67, 5, 7),
(67, 6, 8),
(67, 8, 10),
(67, 7, 7),
(67, 9, 9),
(67, 10, 7),
(68, 1, 2),
(68, 2, 8),
(68, 3, 1),
(68, 4, 5),
(68, 5, 8),
(68, 6, 1),
(68, 8, 4),
(68, 7, 1),
(68, 9, 4),
(68, 10, 7),
(69, 1, 10),
(69, 2, 3),
(69, 3, 5),
(69, 4, 6),
(69, 5, 10),
(69, 6, 1),
(69, 8, 9),
(69, 7, 3),
(69, 9, 6),
(69, 10, 5),
(70, 1, 6),
(70, 2, 6),
(70, 3, 2),
(70, 4, 4),
(70, 5, 5),
(70, 6, 6),
(70, 8, 10),
(70, 7, 1),
(70, 9, 7),
(70, 10, 3),
(71, 1, 5),
(71, 2, 5),
(71, 3, 4),
(71, 4, 1),
(71, 5, 2),
(71, 6, 3),
(71, 8, 2),
(71, 7, 1),
(71, 9, 4),
(71, 10, 8),
(72, 1, 3),
(72, 2, 7),
(72, 3, 1),
(72, 4, 9),
(72, 5, 10),
(72, 6, 4),
(72, 8, 8),
(72, 7, 5),
(72, 9, 3),
(72, 10, 1),
(73, 1, 10),
(73, 2, 4),
(73, 3, 4),
(73, 4, 10),
(73, 5, 1),
(73, 6, 9),
(73, 8, 7),
(73, 7, 9),
(73, 9, 1),
(73, 10, 9),
(74, 1, 7),
(74, 2, 1),
(74, 3, 9),
(74, 4, 8),
(74, 5, 3),
(74, 6, 5),
(74, 8, 2),
(74, 7, 8),
(74, 9, 8),
(74, 10, 1),
(75, 1, 3),
(75, 2, 2),
(75, 3, 5),
(75, 4, 5),
(75, 5, 1),
(75, 6, 7),
(75, 8, 8),
(75, 7, 6),
(75, 9, 7),
(75, 10, 2),
(76, 1, 5),
(76, 2, 4),
(76, 3, 4),
(76, 4, 7),
(76, 5, 10),
(76, 6, 7),
(76, 8, 2),
(76, 7, 9),
(76, 9, 7),
(76, 10, 6),
(77, 1, 9),
(77, 2, 5),
(77, 3, 2),
(77, 4, 8),
(77, 5, 9),
(77, 6, 2),
(77, 8, 7),
(77, 7, 6),
(77, 9, 7),
(77, 10, 6),
(78, 1, 2),
(78, 2, 2),
(78, 3, 2),
(78, 4, 7),
(78, 5, 3),
(78, 6, 3),
(78, 8, 3),
(78, 7, 3),
(78, 9, 1),
(78, 10, 4),
(79, 1, 6),
(79, 2, 4),
(79, 3, 8),
(79, 4, 6),
(79, 5, 4),
(79, 6, 3),
(79, 8, 4),
(79, 7, 1),
(79, 9, 6),
(79, 10, 8),
(80, 1, 4),
(80, 2, 8),
(80, 3, 2),
(80, 4, 6),
(80, 5, 5),
(80, 6, 2),
(80, 8, 6),
(80, 7, 2),
(80, 9, 6),
(80, 10, 10),
(81, 1, 2),
(81, 2, 5),
(81, 3, 2),
(81, 4, 3),
(81, 5, 2),
(81, 6, 10),
(81, 8, 5),
(81, 7, 9),
(81, 9, 7),
(81, 10, 8),
(82, 1, 7),
(82, 2, 4),
(82, 3, 4),
(82, 4, 3),
(82, 5, 3),
(82, 6, 9),
(82, 8, 1),
(82, 7, 8),
(82, 9, 3),
(82, 10, 7),
(83, 1, 2),
(83, 2, 1),
(83, 3, 9),
(83, 4, 7),
(83, 5, 5),
(83, 6, 5),
(83, 8, 4),
(83, 7, 3),
(83, 9, 8),
(83, 10, 6),
(84, 1, 8),
(84, 2, 2),
(84, 3, 10),
(84, 4, 3),
(84, 5, 7),
(84, 6, 2),
(84, 8, 3),
(84, 7, 8),
(84, 9, 7),
(84, 10, 5),
(85, 1, 10),
(85, 2, 10),
(85, 3, 6),
(85, 4, 8),
(85, 5, 3),
(85, 6, 10),
(85, 8, 1),
(85, 7, 5),
(85, 9, 4),
(85, 10, 9),
(86, 1, 9),
(86, 2, 7),
(86, 3, 10),
(86, 4, 10),
(86, 5, 10),
(86, 6, 2),
(86, 8, 10),
(86, 7, 5),
(86, 9, 2),
(86, 10, 6),
(87, 1, 5),
(87, 2, 10),
(87, 3, 2),
(87, 4, 4),
(87, 5, 10),
(87, 6, 3),
(87, 8, 2),
(87, 7, 9),
(87, 9, 9),
(87, 10, 8),
(88, 1, 6),
(88, 2, 2),
(88, 3, 7),
(88, 4, 1),
(88, 5, 7),
(88, 6, 6),
(88, 8, 5),
(88, 7, 4),
(88, 9, 5),
(88, 10, 8),
(89, 1, 6),
(89, 2, 5),
(89, 3, 8),
(89, 4, 3),
(89, 5, 4),
(89, 6, 4),
(89, 8, 6),
(89, 7, 6),
(89, 9, 5),
(89, 10, 5),
(90, 1, 3),
(90, 2, 4),
(90, 3, 10),
(90, 4, 4),
(90, 5, 10),
(90, 6, 4),
(90, 8, 10),
(90, 7, 6),
(90, 9, 9),
(90, 10, 4),
(91, 1, 9),
(91, 2, 7),
(91, 3, 4),
(91, 4, 3),
(91, 5, 8),
(91, 6, 7),
(91, 8, 6),
(91, 7, 7),
(91, 9, 5),
(91, 10, 2),
(92, 1, 2),
(92, 2, 10),
(92, 3, 6),
(92, 4, 3),
(92, 5, 7),
(92, 6, 3),
(92, 8, 5),
(92, 7, 8),
(92, 9, 4),
(92, 10, 8),
(93, 1, 8),
(93, 2, 3),
(93, 3, 8),
(93, 4, 5),
(93, 5, 1),
(93, 6, 9),
(93, 8, 2),
(93, 7, 9),
(93, 9, 6),
(93, 10, 2),
(94, 1, 3),
(94, 2, 7),
(94, 3, 2),
(94, 4, 6),
(94, 5, 9),
(94, 6, 10),
(94, 8, 4),
(94, 7, 10),
(94, 9, 6),
(94, 10, 4),
(95, 1, 7),
(95, 2, 8),
(95, 3, 6),
(95, 4, 1),
(95, 5, 9),
(95, 6, 3),
(95, 8, 3),
(95, 7, 4),
(95, 9, 10),
(95, 10, 6),
(96, 1, 8),
(96, 2, 10),
(96, 3, 2),
(96, 4, 5),
(96, 5, 5),
(96, 6, 2),
(96, 8, 7),
(96, 7, 1),
(96, 9, 8),
(96, 10, 4),
(97, 1, 9),
(97, 2, 10),
(97, 3, 5),
(97, 4, 3),
(97, 5, 10),
(97, 6, 2),
(97, 8, 10),
(97, 7, 10),
(97, 9, 2),
(97, 10, 10),
(98, 1, 8),
(98, 2, 8),
(98, 3, 3),
(98, 4, 10),
(98, 5, 7),
(98, 6, 5),
(98, 8, 7),
(98, 7, 7),
(98, 9, 2),
(98, 10, 2),
(99, 1, 9),
(99, 2, 6),
(99, 3, 10),
(99, 4, 10),
(99, 5, 4),
(99, 6, 9),
(99, 8, 3),
(99, 7, 5),
(99, 9, 7),
(99, 10, 4),
(100, 1, 3),
(100, 2, 7),
(100, 3, 2),
(100, 4, 6),
(100, 5, 7),
(100, 6, 5),
(100, 8, 9),
(100, 7, 1),
(100, 9, 6),
(100, 10, 7),
(101, 1, 7),
(101, 2, 3),
(101, 3, 10),
(101, 4, 7),
(101, 5, 3),
(101, 6, 8),
(101, 8, 6),
(101, 7, 10),
(101, 9, 10),
(101, 10, 2),
(102, 1, 3),
(102, 2, 8),
(102, 3, 4),
(102, 4, 4),
(102, 5, 7),
(102, 6, 7),
(102, 8, 10),
(102, 7, 9),
(102, 9, 9),
(102, 10, 7),
(103, 1, 2),
(103, 2, 1),
(103, 3, 6),
(103, 4, 6),
(103, 5, 3),
(103, 6, 9),
(103, 8, 6),
(103, 7, 10),
(103, 9, 8),
(103, 10, 6),
(104, 1, 6),
(104, 2, 1),
(104, 3, 5),
(104, 4, 2),
(104, 5, 6),
(104, 6, 6),
(104, 8, 9),
(104, 7, 7),
(104, 9, 3),
(104, 10, 9),
(105, 1, 7),
(105, 2, 5),
(105, 3, 7),
(105, 4, 3),
(105, 5, 1),
(105, 6, 10),
(105, 8, 6),
(105, 7, 5),
(105, 9, 10),
(105, 10, 3),
(106, 1, 2),
(106, 2, 4),
(106, 3, 6),
(106, 4, 4),
(106, 5, 3),
(106, 6, 5),
(106, 8, 5),
(106, 7, 10),
(106, 9, 2),
(106, 10, 6),
(107, 1, 8),
(107, 2, 1),
(107, 3, 5),
(107, 4, 10),
(107, 5, 2),
(107, 6, 5),
(107, 8, 6),
(107, 7, 7),
(107, 9, 7),
(107, 10, 10),
(108, 1, 5),
(108, 2, 9),
(108, 3, 3),
(108, 4, 8),
(108, 5, 4),
(108, 6, 2),
(108, 8, 2),
(108, 7, 9),
(108, 9, 5),
(108, 10, 4),
(109, 1, 3),
(109, 2, 6),
(109, 3, 5),
(109, 4, 9),
(109, 5, 2),
(109, 6, 2),
(109, 8, 7),
(109, 7, 8),
(109, 9, 1),
(109, 10, 8),
(110, 1, 9),
(110, 2, 6),
(110, 3, 6),
(110, 4, 3),
(110, 5, 9),
(110, 6, 3),
(110, 8, 7),
(110, 7, 1),
(110, 9, 3),
(110, 10, 7),
(111, 1, 10),
(111, 2, 9),
(111, 3, 7),
(111, 4, 6),
(111, 5, 6),
(111, 6, 2),
(111, 8, 5),
(111, 7, 4),
(111, 9, 9),
(111, 10, 9),
(112, 1, 10),
(112, 2, 2),
(112, 3, 1),
(112, 4, 9),
(112, 5, 4),
(112, 6, 7),
(112, 8, 7),
(112, 7, 3),
(112, 9, 4),
(112, 10, 1),
(113, 1, 10),
(113, 2, 3),
(113, 3, 2),
(113, 4, 1),
(113, 5, 5),
(113, 6, 3),
(113, 8, 3),
(113, 7, 2),
(113, 9, 9),
(113, 10, 5),
(114, 1, 8),
(114, 2, 8),
(114, 3, 5),
(114, 4, 2),
(114, 5, 1),
(114, 6, 3),
(114, 8, 5),
(114, 7, 1),
(114, 9, 1),
(114, 10, 8),
(115, 1, 5),
(115, 2, 5),
(115, 3, 9),
(115, 4, 6),
(115, 5, 1),
(115, 6, 1),
(115, 8, 4),
(115, 7, 6),
(115, 9, 3),
(115, 10, 5),
(116, 1, 9),
(116, 2, 9),
(116, 3, 8),
(116, 4, 8),
(116, 5, 5),
(116, 6, 9),
(116, 8, 9),
(116, 7, 8),
(116, 9, 9),
(116, 10, 2),
(117, 1, 6),
(117, 2, 7),
(117, 3, 7),
(117, 4, 5),
(117, 5, 7),
(117, 6, 1),
(117, 8, 3),
(117, 7, 8),
(117, 9, 10),
(117, 10, 6),
(118, 1, 7),
(118, 2, 5),
(118, 3, 7),
(118, 4, 2),
(118, 5, 2),
(118, 6, 3),
(118, 8, 9),
(118, 7, 2),
(118, 9, 1),
(118, 10, 10),
(119, 1, 7),
(119, 2, 2),
(119, 3, 4),
(119, 4, 1),
(119, 5, 8),
(119, 6, 7),
(119, 8, 4),
(119, 7, 1),
(119, 9, 7),
(119, 10, 10),
(120, 1, 1),
(120, 2, 9),
(120, 3, 4),
(120, 4, 3),
(120, 5, 9),
(120, 6, 9),
(120, 8, 1),
(120, 7, 6),
(120, 9, 9),
(120, 10, 7),
(121, 1, 6),
(121, 2, 9),
(121, 3, 2),
(121, 4, 5),
(121, 5, 3),
(121, 6, 10),
(121, 8, 3),
(121, 7, 3),
(121, 9, 5),
(121, 10, 3),
(122, 1, 9),
(122, 2, 4),
(122, 3, 6),
(122, 4, 8),
(122, 5, 10),
(122, 6, 3),
(122, 8, 1),
(122, 7, 2),
(122, 9, 6),
(122, 10, 5),
(123, 1, 7),
(123, 2, 5),
(123, 3, 10),
(123, 4, 5),
(123, 5, 9),
(123, 6, 2),
(123, 8, 2),
(123, 7, 1),
(123, 9, 8),
(123, 10, 7),
(124, 1, 9),
(124, 2, 4),
(124, 3, 2),
(124, 4, 2),
(124, 5, 1),
(124, 6, 8),
(124, 8, 4),
(124, 7, 7),
(124, 9, 2),
(124, 10, 6),
(125, 1, 7),
(125, 2, 3),
(125, 3, 10),
(125, 4, 10),
(125, 5, 9),
(125, 6, 7),
(125, 8, 1),
(125, 7, 8),
(125, 9, 9),
(125, 10, 9),
(126, 1, 2),
(126, 2, 3),
(126, 3, 2),
(126, 4, 6),
(126, 5, 6),
(126, 6, 10),
(126, 8, 10),
(126, 7, 4),
(126, 9, 7),
(126, 10, 7),
(127, 1, 10),
(127, 2, 9),
(127, 3, 7),
(127, 4, 7),
(127, 5, 8),
(127, 6, 10),
(127, 8, 10),
(127, 7, 9),
(127, 9, 5),
(127, 10, 5),
(128, 1, 5),
(128, 2, 10),
(128, 3, 7),
(128, 4, 2),
(128, 5, 8),
(128, 6, 2),
(128, 8, 3),
(128, 7, 8),
(128, 9, 3),
(128, 10, 7),
(129, 1, 2),
(129, 2, 9),
(129, 3, 9),
(129, 4, 9),
(129, 5, 2),
(129, 6, 9),
(129, 8, 1),
(129, 7, 3),
(129, 9, 9),
(129, 10, 10),
(130, 1, 1),
(130, 2, 4),
(130, 3, 8),
(130, 4, 2),
(130, 5, 2),
(130, 6, 3),
(130, 8, 8),
(130, 7, 7),
(130, 9, 6),
(130, 10, 3),
(131, 1, 1),
(131, 2, 5),
(131, 3, 7),
(131, 4, 4),
(131, 5, 10),
(131, 6, 10),
(131, 8, 1),
(131, 7, 1),
(131, 9, 3),
(131, 10, 2),
(132, 1, 2),
(132, 2, 4),
(132, 3, 4),
(132, 4, 9),
(132, 5, 2),
(132, 6, 4),
(132, 8, 4),
(132, 7, 3),
(132, 9, 2),
(132, 10, 4),
(133, 1, 5),
(133, 2, 10),
(133, 3, 7),
(133, 4, 9),
(133, 5, 1),
(133, 6, 8),
(133, 8, 2),
(133, 7, 5),
(133, 9, 7),
(133, 10, 9),
(134, 1, 7),
(134, 2, 9),
(134, 3, 9),
(134, 4, 7),
(134, 5, 6),
(134, 6, 10),
(134, 8, 6),
(134, 7, 6),
(134, 9, 2),
(134, 10, 10),
(135, 1, 5),
(135, 2, 5),
(135, 3, 5),
(135, 4, 7),
(135, 5, 5),
(135, 6, 2),
(135, 8, 6),
(135, 7, 4),
(135, 9, 4),
(135, 10, 5),
(136, 1, 5),
(136, 2, 10),
(136, 3, 6),
(136, 4, 4),
(136, 5, 8),
(136, 6, 4),
(136, 8, 10),
(136, 7, 10),
(136, 9, 9),
(136, 10, 1),
(137, 1, 10),
(137, 2, 8),
(137, 3, 4),
(137, 4, 3),
(137, 5, 6),
(137, 6, 7),
(137, 8, 8),
(137, 7, 6),
(137, 9, 9),
(137, 10, 5),
(138, 1, 10),
(138, 2, 5),
(138, 3, 10),
(138, 4, 2),
(138, 5, 10),
(138, 6, 2),
(138, 8, 8),
(138, 7, 8),
(138, 9, 1),
(138, 10, 5),
(139, 1, 2),
(139, 2, 1),
(139, 3, 2),
(139, 4, 7),
(139, 5, 6),
(139, 6, 1),
(139, 8, 8),
(139, 7, 10),
(139, 9, 3),
(139, 10, 3),
(140, 1, 3),
(140, 2, 9),
(140, 3, 8),
(140, 4, 3),
(140, 5, 10),
(140, 6, 4),
(140, 8, 2),
(140, 7, 3),
(140, 9, 7),
(140, 10, 5),
(141, 1, 1),
(141, 2, 5),
(141, 3, 5),
(141, 4, 6),
(141, 5, 4),
(141, 6, 6),
(141, 8, 7),
(141, 7, 4),
(141, 9, 1),
(141, 10, 7),
(142, 1, 10),
(142, 2, 3),
(142, 3, 7),
(142, 4, 4),
(142, 5, 2),
(142, 6, 1),
(142, 8, 8),
(142, 7, 6),
(142, 9, 8),
(142, 10, 3),
(143, 1, 3),
(143, 2, 1),
(143, 3, 4),
(143, 4, 3),
(143, 5, 2),
(143, 6, 3),
(143, 8, 4),
(143, 7, 4),
(143, 9, 8),
(143, 10, 5),
(144, 1, 3),
(144, 2, 7),
(144, 3, 2),
(144, 4, 7),
(144, 5, 6),
(144, 6, 7),
(144, 8, 1),
(144, 7, 7),
(144, 9, 7),
(144, 10, 1),
(145, 1, 10),
(145, 2, 6),
(145, 3, 3),
(145, 4, 10),
(145, 5, 2),
(145, 6, 9),
(145, 8, 3),
(145, 7, 4),
(145, 9, 4),
(145, 10, 8),
(146, 1, 1),
(146, 2, 7),
(146, 3, 10),
(146, 4, 9),
(146, 5, 10),
(146, 6, 3),
(146, 8, 9),
(146, 7, 3),
(146, 9, 4),
(146, 10, 4),
(147, 1, 8),
(147, 2, 6),
(147, 3, 9),
(147, 4, 6),
(147, 5, 4),
(147, 6, 8),
(147, 8, 3),
(147, 7, 10),
(147, 9, 4),
(147, 10, 5),
(148, 1, 10),
(148, 2, 5),
(148, 3, 9),
(148, 4, 10),
(148, 5, 2),
(148, 6, 3),
(148, 8, 5),
(148, 7, 2),
(148, 9, 6),
(148, 10, 5),
(149, 1, 2),
(149, 2, 4),
(149, 3, 7),
(149, 4, 8),
(149, 5, 2),
(149, 6, 5),
(149, 8, 10),
(149, 7, 5),
(149, 9, 7),
(149, 10, 9),
(150, 1, 7),
(150, 2, 9),
(150, 3, 8),
(150, 4, 4),
(150, 5, 5),
(150, 6, 7),
(150, 8, 7),
(150, 7, 10),
(150, 9, 2),
(150, 10, 8),
(151, 1, 7),
(151, 2, 2),
(151, 3, 8),
(151, 4, 8),
(151, 5, 4),
(151, 6, 4),
(151, 8, 4),
(151, 7, 5),
(151, 9, 4),
(151, 10, 3),
(152, 1, 7),
(152, 2, 10),
(152, 3, 7),
(152, 4, 10),
(152, 5, 7),
(152, 6, 4),
(152, 8, 8),
(152, 7, 4),
(152, 9, 9),
(152, 10, 4),
(153, 1, 7),
(153, 2, 8),
(153, 3, 4),
(153, 4, 1),
(153, 5, 2),
(153, 6, 4),
(153, 8, 5),
(153, 7, 4),
(153, 9, 10),
(153, 10, 6),
(154, 1, 2),
(154, 2, 10),
(154, 3, 10),
(154, 4, 1),
(154, 5, 3),
(154, 6, 9),
(154, 8, 1),
(154, 7, 5),
(154, 9, 10),
(154, 10, 1),
(155, 1, 8),
(155, 2, 5),
(155, 3, 5),
(155, 4, 4),
(155, 5, 4),
(155, 6, 10),
(155, 8, 7),
(155, 7, 1),
(155, 9, 9),
(155, 10, 9),
(156, 1, 3),
(156, 2, 3),
(156, 3, 1),
(156, 4, 6),
(156, 5, 4),
(156, 6, 7),
(156, 8, 5),
(156, 7, 5),
(156, 9, 3),
(156, 10, 9),
(157, 1, 7),
(157, 2, 6),
(157, 3, 9),
(157, 4, 6),
(157, 5, 5),
(157, 6, 2),
(157, 8, 10),
(157, 7, 10),
(157, 9, 9),
(157, 10, 4),
(158, 1, 9),
(158, 2, 10),
(158, 3, 9),
(158, 4, 7),
(158, 5, 4),
(158, 6, 2),
(158, 8, 1),
(158, 7, 2),
(158, 9, 8),
(158, 10, 5),
(159, 1, 5),
(159, 2, 1),
(159, 3, 9),
(159, 4, 10),
(159, 5, 8),
(159, 6, 4),
(159, 8, 7),
(159, 7, 1),
(159, 9, 10),
(159, 10, 3),
(160, 1, 8),
(160, 2, 2),
(160, 3, 3),
(160, 4, 4),
(160, 5, 10),
(160, 6, 8),
(160, 8, 9),
(160, 7, 2),
(160, 9, 3),
(160, 10, 1),
(161, 1, 8),
(161, 2, 4),
(161, 3, 5),
(161, 4, 4),
(161, 5, 4),
(161, 6, 7),
(161, 8, 8),
(161, 7, 6),
(161, 9, 9),
(161, 10, 9),
(162, 1, 9),
(162, 2, 8),
(162, 3, 1),
(162, 4, 9),
(162, 5, 10),
(162, 6, 4),
(162, 8, 7),
(162, 7, 1),
(162, 9, 9),
(162, 10, 9),
(163, 1, 2),
(163, 2, 4),
(163, 3, 1),
(163, 4, 2),
(163, 5, 6),
(163, 6, 8),
(163, 8, 9),
(163, 7, 3),
(163, 9, 2),
(163, 10, 10),
(164, 1, 8),
(164, 2, 7),
(164, 3, 3),
(164, 4, 3),
(164, 5, 4),
(164, 6, 5),
(164, 8, 4),
(164, 7, 6),
(164, 9, 3),
(164, 10, 6),
(165, 1, 10),
(165, 2, 5),
(165, 3, 5),
(165, 4, 3),
(165, 5, 6),
(165, 6, 5),
(165, 8, 8),
(165, 7, 3),
(165, 9, 6),
(165, 10, 3),
(166, 1, 4),
(166, 2, 6),
(166, 3, 1),
(166, 4, 7),
(166, 5, 7),
(166, 6, 9),
(166, 8, 4),
(166, 7, 3),
(166, 9, 6),
(166, 10, 2),
(167, 1, 6),
(167, 2, 5),
(167, 3, 5),
(167, 4, 5),
(167, 5, 3),
(167, 6, 2),
(167, 8, 10),
(167, 7, 1),
(167, 9, 7),
(167, 10, 4),
(168, 1, 2),
(168, 2, 5),
(168, 3, 4),
(168, 4, 10),
(168, 5, 8),
(168, 6, 8),
(168, 8, 5),
(168, 7, 2),
(168, 9, 2),
(168, 10, 9),
(169, 1, 10),
(169, 2, 4),
(169, 3, 8),
(169, 4, 10),
(169, 5, 6),
(169, 6, 6),
(169, 8, 1),
(169, 7, 5),
(169, 9, 4),
(169, 10, 5),
(170, 1, 7),
(170, 2, 10),
(170, 3, 3),
(170, 4, 1),
(170, 5, 8),
(170, 6, 10),
(170, 8, 8),
(170, 7, 10),
(170, 9, 2),
(170, 10, 3),
(171, 1, 3),
(171, 2, 1),
(171, 3, 4),
(171, 4, 2),
(171, 5, 3),
(171, 6, 6),
(171, 8, 4),
(171, 7, 1),
(171, 9, 2),
(171, 10, 4),
(172, 1, 3),
(172, 2, 1),
(172, 3, 10),
(172, 4, 3),
(172, 5, 10),
(172, 6, 4),
(172, 8, 7),
(172, 7, 4),
(172, 9, 9),
(172, 10, 7),
(173, 1, 3),
(173, 2, 7),
(173, 3, 2),
(173, 4, 4),
(173, 5, 3),
(173, 6, 9),
(173, 8, 7),
(173, 7, 10),
(173, 9, 9),
(173, 10, 9),
(174, 1, 6),
(174, 2, 8),
(174, 3, 1),
(174, 4, 6),
(174, 5, 4),
(174, 6, 4),
(174, 8, 4),
(174, 7, 10),
(174, 9, 4),
(174, 10, 9),
(175, 1, 5),
(175, 2, 5),
(175, 3, 8),
(175, 4, 6),
(175, 5, 4),
(175, 6, 1),
(175, 8, 10),
(175, 7, 4),
(175, 9, 6),
(175, 10, 8),
(176, 1, 10),
(176, 2, 9),
(176, 3, 6),
(176, 4, 9),
(176, 5, 3),
(176, 6, 3),
(176, 8, 2),
(176, 7, 4),
(176, 9, 7),
(176, 10, 7),
(177, 1, 6),
(177, 2, 8),
(177, 3, 7),
(177, 4, 6),
(177, 5, 3),
(177, 6, 4),
(177, 8, 3),
(177, 7, 8),
(177, 9, 8),
(177, 10, 5),
(178, 1, 3),
(178, 2, 8),
(178, 3, 8),
(178, 4, 9),
(178, 5, 4),
(178, 6, 7),
(178, 8, 10),
(178, 7, 10),
(178, 9, 7),
(178, 10, 10),
(179, 1, 7),
(179, 2, 5),
(179, 3, 2),
(179, 4, 6),
(179, 5, 5),
(179, 6, 3),
(179, 8, 7),
(179, 7, 4),
(179, 9, 4),
(179, 10, 4),
(180, 1, 1),
(180, 2, 1),
(180, 3, 5),
(180, 4, 4),
(180, 5, 9),
(180, 6, 4),
(180, 8, 9),
(180, 7, 7),
(180, 9, 8),
(180, 10, 8),
(181, 1, 9),
(181, 2, 4),
(181, 3, 6),
(181, 4, 5),
(181, 5, 9),
(181, 6, 1),
(181, 8, 7),
(181, 7, 9),
(181, 9, 2),
(181, 10, 6),
(182, 1, 8),
(182, 2, 9),
(182, 3, 1),
(182, 4, 10),
(182, 5, 3),
(182, 6, 2),
(182, 8, 9),
(182, 7, 7),
(182, 9, 1),
(182, 10, 4),
(183, 1, 8),
(183, 2, 9),
(183, 3, 5),
(183, 4, 10),
(183, 5, 2),
(183, 6, 4),
(183, 8, 9),
(183, 7, 9),
(183, 9, 4),
(183, 10, 10),
(184, 1, 3),
(184, 2, 4),
(184, 3, 5),
(184, 4, 4),
(184, 5, 4),
(184, 6, 10),
(184, 8, 10),
(184, 7, 4),
(184, 9, 3),
(184, 10, 8),
(185, 1, 7),
(185, 2, 1),
(185, 3, 9),
(185, 4, 2),
(185, 5, 5),
(185, 6, 2),
(185, 8, 3),
(185, 7, 9),
(185, 9, 1),
(185, 10, 4),
(186, 1, 1),
(186, 2, 9),
(186, 3, 6),
(186, 4, 8),
(186, 5, 5),
(186, 6, 5),
(186, 8, 6),
(186, 7, 5),
(186, 9, 5),
(186, 10, 10),
(187, 1, 4),
(187, 2, 6),
(187, 3, 2),
(187, 4, 8),
(187, 5, 9),
(187, 6, 10),
(187, 8, 6),
(187, 7, 3),
(187, 9, 7),
(187, 10, 9),
(188, 1, 1),
(188, 2, 2),
(188, 3, 10),
(188, 4, 6),
(188, 5, 3),
(188, 6, 8),
(188, 8, 4),
(188, 7, 5),
(188, 9, 9),
(188, 10, 1),
(189, 1, 10),
(189, 2, 2),
(189, 3, 1),
(189, 4, 6),
(189, 5, 1),
(189, 6, 7),
(189, 8, 4),
(189, 7, 3),
(189, 9, 1),
(189, 10, 10),
(190, 1, 6),
(190, 2, 2),
(190, 3, 9),
(190, 4, 5),
(190, 5, 7),
(190, 6, 9),
(190, 8, 3),
(190, 7, 1),
(190, 9, 2),
(190, 10, 9),
(191, 1, 10),
(191, 2, 2),
(191, 3, 1),
(191, 4, 3),
(191, 5, 8),
(191, 6, 3),
(191, 8, 1),
(191, 7, 4),
(191, 9, 1),
(191, 10, 5),
(192, 1, 4),
(192, 2, 4),
(192, 3, 4),
(192, 4, 7),
(192, 5, 7),
(192, 6, 6),
(192, 8, 3),
(192, 7, 7),
(192, 9, 7),
(192, 10, 3),
(193, 1, 9),
(193, 2, 5),
(193, 3, 4),
(193, 4, 4),
(193, 5, 7),
(193, 6, 6),
(193, 8, 1),
(193, 7, 10),
(193, 9, 9),
(193, 10, 9),
(194, 1, 2),
(194, 2, 10),
(194, 3, 4),
(194, 4, 6),
(194, 5, 4),
(194, 6, 4),
(194, 8, 5),
(194, 7, 7),
(194, 9, 5),
(194, 10, 10),
(195, 1, 7),
(195, 2, 6),
(195, 3, 10),
(195, 4, 5),
(195, 5, 4),
(195, 6, 6),
(195, 8, 3),
(195, 7, 3),
(195, 9, 10),
(195, 10, 9),
(196, 1, 3),
(196, 2, 4),
(196, 3, 5),
(196, 4, 3),
(196, 5, 3),
(196, 6, 1),
(196, 8, 10),
(196, 7, 7),
(196, 9, 4),
(196, 10, 1),
(197, 1, 9),
(197, 2, 10),
(197, 3, 7),
(197, 4, 1),
(197, 5, 5),
(197, 6, 3),
(197, 8, 6),
(197, 7, 3),
(197, 9, 10),
(197, 10, 7),
(198, 1, 5),
(198, 2, 6),
(198, 3, 7),
(198, 4, 4),
(198, 5, 1),
(198, 6, 9),
(198, 8, 9),
(198, 7, 10),
(198, 9, 8),
(198, 10, 9),
(199, 1, 8),
(199, 2, 2),
(199, 3, 6),
(199, 4, 6),
(199, 5, 9),
(199, 6, 5),
(199, 8, 2),
(199, 7, 9),
(199, 9, 2),
(199, 10, 1),
(200, 1, 8),
(200, 2, 4),
(200, 3, 9),
(200, 4, 3),
(200, 5, 4),
(200, 6, 4),
(200, 8, 9),
(200, 7, 1),
(200, 9, 10),
(200, 10, 9),
(201, 1, 6),
(201, 2, 10),
(201, 3, 6),
(201, 4, 3),
(201, 5, 10),
(201, 6, 6),
(201, 8, 10),
(201, 7, 5),
(201, 9, 7),
(201, 10, 2),
(202, 1, 2),
(202, 2, 8),
(202, 3, 8),
(202, 4, 10),
(202, 5, 4),
(202, 6, 6),
(202, 8, 6),
(202, 7, 10),
(202, 9, 10),
(202, 10, 3),
(203, 1, 7),
(203, 2, 2),
(203, 3, 9),
(203, 4, 8),
(203, 5, 1),
(203, 6, 3),
(203, 8, 6),
(203, 7, 2),
(203, 9, 10),
(203, 10, 2),
(204, 1, 1),
(204, 2, 9),
(204, 3, 9),
(204, 4, 7),
(204, 5, 3),
(204, 6, 4),
(204, 8, 7),
(204, 7, 9),
(204, 9, 5),
(204, 10, 10),
(205, 1, 1),
(205, 2, 7),
(205, 3, 9),
(205, 4, 8),
(205, 5, 2),
(205, 6, 6),
(205, 8, 8),
(205, 7, 3),
(205, 9, 2),
(205, 10, 8),
(206, 1, 2),
(206, 2, 3),
(206, 3, 6),
(206, 4, 3),
(206, 5, 1),
(206, 6, 4),
(206, 8, 8),
(206, 7, 1),
(206, 9, 6),
(206, 10, 4),
(207, 1, 4),
(207, 2, 9),
(207, 3, 9),
(207, 4, 8),
(207, 5, 9),
(207, 6, 1),
(207, 8, 10),
(207, 7, 4),
(207, 9, 10),
(207, 10, 4),
(208, 1, 3),
(208, 2, 6),
(208, 3, 5),
(208, 4, 5),
(208, 5, 3),
(208, 6, 4),
(208, 8, 4),
(208, 7, 9),
(208, 9, 10),
(208, 10, 2),
(209, 1, 9),
(209, 2, 6),
(209, 3, 4),
(209, 4, 7),
(209, 5, 5),
(209, 6, 8),
(209, 8, 5),
(209, 7, 5),
(209, 9, 2),
(209, 10, 4),
(210, 1, 1),
(210, 2, 7),
(210, 3, 5),
(210, 4, 5),
(210, 5, 8),
(210, 6, 4),
(210, 8, 9),
(210, 7, 7),
(210, 9, 9),
(210, 10, 2),
(211, 1, 2),
(211, 2, 7),
(211, 3, 4),
(211, 4, 8),
(211, 5, 4),
(211, 6, 5),
(211, 8, 7),
(211, 7, 9),
(211, 9, 10),
(211, 10, 10),
(212, 1, 3),
(212, 2, 2),
(212, 3, 7),
(212, 4, 2),
(212, 5, 6),
(212, 6, 8),
(212, 8, 2),
(212, 7, 9),
(212, 9, 5),
(212, 10, 4),
(213, 1, 6),
(213, 2, 2),
(213, 3, 8),
(213, 4, 4),
(213, 5, 9),
(213, 6, 2),
(213, 8, 4),
(213, 7, 7),
(213, 9, 8),
(213, 10, 2),
(214, 1, 3),
(214, 2, 9),
(214, 3, 7),
(214, 4, 5),
(214, 5, 8),
(214, 6, 6),
(214, 8, 3),
(214, 7, 5),
(214, 9, 3),
(214, 10, 7),
(215, 1, 4),
(215, 2, 8),
(215, 3, 8),
(215, 4, 7),
(215, 5, 9),
(215, 6, 5),
(215, 8, 3),
(215, 7, 4),
(215, 9, 2),
(215, 10, 6),
(216, 1, 7),
(216, 2, 5),
(216, 3, 9),
(216, 4, 9),
(216, 5, 4),
(216, 6, 6),
(216, 8, 2),
(216, 7, 10),
(216, 9, 2),
(216, 10, 3),
(217, 1, 3),
(217, 2, 7),
(217, 3, 2),
(217, 4, 2),
(217, 5, 3),
(217, 6, 6),
(217, 8, 5),
(217, 7, 4),
(217, 9, 7),
(217, 10, 5),
(218, 1, 5),
(218, 2, 10),
(218, 3, 4),
(218, 4, 9),
(218, 5, 2),
(218, 6, 4),
(218, 8, 8),
(218, 7, 2),
(218, 9, 1),
(218, 10, 3),
(219, 1, 9),
(219, 2, 8),
(219, 3, 8),
(219, 4, 2),
(219, 5, 10),
(219, 6, 2),
(219, 8, 6),
(219, 7, 3),
(219, 9, 3),
(219, 10, 1),
(220, 1, 10),
(220, 2, 3),
(220, 3, 7),
(220, 4, 10),
(220, 5, 9),
(220, 6, 4),
(220, 8, 7),
(220, 7, 5),
(220, 9, 9),
(220, 10, 6),
(221, 1, 2),
(221, 2, 5),
(221, 3, 8),
(221, 4, 8),
(221, 5, 1),
(221, 6, 2),
(221, 8, 1),
(221, 7, 6),
(221, 9, 3),
(221, 10, 4),
(222, 1, 8),
(222, 2, 4),
(222, 3, 10),
(222, 4, 9),
(222, 5, 3),
(222, 6, 3),
(222, 8, 9),
(222, 7, 8),
(222, 9, 9),
(222, 10, 7),
(223, 1, 2),
(223, 2, 10),
(223, 3, 2),
(223, 4, 5),
(223, 5, 8),
(223, 6, 10),
(223, 8, 3),
(223, 7, 8),
(223, 9, 8),
(223, 10, 9),
(224, 1, 10),
(224, 2, 7),
(224, 3, 8),
(224, 4, 10),
(224, 5, 4),
(224, 6, 3),
(224, 8, 3),
(224, 7, 2),
(224, 9, 5),
(224, 10, 5),
(225, 1, 3),
(225, 2, 1),
(225, 3, 7),
(225, 4, 6),
(225, 5, 2),
(225, 6, 7),
(225, 8, 6),
(225, 7, 7),
(225, 9, 5),
(225, 10, 7),
(226, 1, 3),
(226, 2, 5),
(226, 3, 5),
(226, 4, 10),
(226, 5, 9),
(226, 6, 5),
(226, 8, 2),
(226, 7, 7),
(226, 9, 6),
(226, 10, 9),
(227, 1, 8),
(227, 2, 2),
(227, 3, 1),
(227, 4, 6),
(227, 5, 1),
(227, 6, 1),
(227, 8, 2),
(227, 7, 8),
(227, 9, 7),
(227, 10, 6),
(228, 1, 5),
(228, 2, 2),
(228, 3, 5),
(228, 4, 2),
(228, 5, 4),
(228, 6, 7),
(228, 8, 5),
(228, 7, 5),
(228, 9, 9),
(228, 10, 4),
(229, 1, 6),
(229, 2, 3),
(229, 3, 2),
(229, 4, 6),
(229, 5, 8),
(229, 6, 6),
(229, 8, 5),
(229, 7, 9),
(229, 9, 8),
(229, 10, 7),
(230, 1, 4),
(230, 2, 5),
(230, 3, 8),
(230, 4, 1),
(230, 5, 2),
(230, 6, 10),
(230, 8, 8),
(230, 7, 4),
(230, 9, 9),
(230, 10, 4),
(231, 1, 8),
(231, 2, 6),
(231, 3, 9),
(231, 4, 7),
(231, 5, 8),
(231, 6, 1),
(231, 8, 9),
(231, 7, 8),
(231, 9, 1),
(231, 10, 8),
(232, 1, 1),
(232, 2, 5),
(232, 3, 10),
(232, 4, 4),
(232, 5, 5),
(232, 6, 6),
(232, 8, 9),
(232, 7, 7),
(232, 9, 1),
(232, 10, 7),
(233, 1, 8),
(233, 2, 4),
(233, 3, 4),
(233, 4, 10),
(233, 5, 10),
(233, 6, 7),
(233, 8, 4),
(233, 7, 9),
(233, 9, 4),
(233, 10, 4),
(234, 1, 7),
(234, 2, 6),
(234, 3, 6),
(234, 4, 3),
(234, 5, 1),
(234, 6, 5),
(234, 8, 1),
(234, 7, 2),
(234, 9, 1),
(234, 10, 7),
(235, 1, 8),
(235, 2, 9),
(235, 3, 7),
(235, 4, 2),
(235, 5, 10),
(235, 6, 9),
(235, 8, 10),
(235, 7, 10),
(235, 9, 1),
(235, 10, 10),
(236, 1, 4),
(236, 2, 1),
(236, 3, 3),
(236, 4, 6),
(236, 5, 9),
(236, 6, 7),
(236, 8, 6),
(236, 7, 1),
(236, 9, 4),
(236, 10, 5),
(237, 1, 8),
(237, 2, 1),
(237, 3, 1),
(237, 4, 5),
(237, 5, 1),
(237, 6, 4),
(237, 8, 9),
(237, 7, 5),
(237, 9, 5),
(237, 10, 1),
(238, 1, 8),
(238, 2, 4),
(238, 3, 2),
(238, 4, 6),
(238, 5, 4),
(238, 6, 7),
(238, 8, 6),
(238, 7, 8),
(238, 9, 1),
(238, 10, 1),
(239, 1, 2),
(239, 2, 7),
(239, 3, 1),
(239, 4, 2),
(239, 5, 9),
(239, 6, 1),
(239, 8, 10),
(239, 7, 7),
(239, 9, 8),
(239, 10, 3),
(240, 1, 4),
(240, 2, 7),
(240, 3, 8),
(240, 4, 9),
(240, 5, 3),
(240, 6, 5),
(240, 8, 4),
(240, 7, 6),
(240, 9, 9),
(240, 10, 3),
(241, 1, 7),
(241, 2, 4),
(241, 3, 9),
(241, 4, 1),
(241, 5, 1),
(241, 6, 9),
(241, 8, 9),
(241, 7, 6),
(241, 9, 6),
(241, 10, 10),
(242, 1, 7),
(242, 2, 10),
(242, 3, 1),
(242, 4, 10),
(242, 5, 6),
(242, 6, 4),
(242, 8, 10),
(242, 7, 10),
(242, 9, 10),
(242, 10, 8),
(243, 1, 1),
(243, 2, 10),
(243, 3, 5),
(243, 4, 8),
(243, 5, 7),
(243, 6, 2),
(243, 8, 2),
(243, 7, 6),
(243, 9, 5),
(243, 10, 2),
(244, 1, 10),
(244, 2, 7),
(244, 3, 9),
(244, 4, 7),
(244, 5, 7),
(244, 6, 3),
(244, 8, 4),
(244, 7, 4),
(244, 9, 7),
(244, 10, 2),
(245, 1, 7),
(245, 2, 3),
(245, 3, 2),
(245, 4, 2),
(245, 5, 9),
(245, 6, 10),
(245, 8, 2),
(245, 7, 5),
(245, 9, 3),
(245, 10, 5),
(246, 1, 6),
(246, 2, 4),
(246, 3, 6),
(246, 4, 10),
(246, 5, 1),
(246, 6, 1),
(246, 8, 10),
(246, 7, 2),
(246, 9, 8),
(246, 10, 9),
(247, 1, 1),
(247, 2, 8),
(247, 3, 9),
(247, 4, 4),
(247, 5, 1),
(247, 6, 7),
(247, 8, 7),
(247, 7, 10),
(247, 9, 4),
(247, 10, 8),
(248, 1, 5),
(248, 2, 5),
(248, 3, 7),
(248, 4, 8),
(248, 5, 5),
(248, 6, 1),
(248, 8, 2),
(248, 7, 4),
(248, 9, 3),
(248, 10, 3),
(249, 1, 1),
(249, 2, 2),
(249, 3, 7),
(249, 4, 3),
(249, 5, 8),
(249, 6, 10),
(249, 8, 7),
(249, 7, 9),
(249, 9, 10),
(249, 10, 2),
(250, 1, 4),
(250, 2, 7),
(250, 3, 10),
(250, 4, 3),
(250, 5, 6),
(250, 6, 4),
(250, 8, 3),
(250, 7, 6),
(250, 9, 3),
(250, 10, 10),
(251, 1, 6),
(251, 2, 2),
(251, 3, 10),
(251, 4, 2),
(251, 5, 9),
(251, 6, 2),
(251, 8, 8),
(251, 7, 10),
(251, 9, 3),
(251, 10, 7),
(252, 1, 2),
(252, 2, 6),
(252, 3, 8),
(252, 4, 2),
(252, 5, 8),
(252, 6, 10),
(252, 8, 4),
(252, 7, 2),
(252, 9, 10),
(252, 10, 1),
(253, 1, 2),
(253, 2, 7),
(253, 3, 3),
(253, 4, 9),
(253, 5, 7),
(253, 6, 2),
(253, 8, 10),
(253, 7, 8),
(253, 9, 6),
(253, 10, 3),
(254, 1, 2),
(254, 2, 4),
(254, 3, 9),
(254, 4, 5),
(254, 5, 1),
(254, 6, 10),
(254, 8, 8),
(254, 7, 9),
(254, 9, 1),
(254, 10, 8),
(255, 1, 8),
(255, 2, 5),
(255, 3, 8),
(255, 4, 3),
(255, 5, 9),
(255, 6, 2),
(255, 8, 5),
(255, 7, 7),
(255, 9, 10),
(255, 10, 8),
(256, 1, 6),
(256, 2, 10),
(256, 3, 6),
(256, 4, 6),
(256, 5, 1),
(256, 6, 1),
(256, 8, 9),
(256, 7, 1),
(256, 9, 1),
(256, 10, 1),
(257, 1, 7),
(257, 2, 9),
(257, 3, 7),
(257, 4, 1),
(257, 5, 1),
(257, 6, 10),
(257, 8, 7),
(257, 7, 7),
(257, 9, 3),
(257, 10, 9),
(258, 1, 8),
(258, 2, 1),
(258, 3, 1),
(258, 4, 7),
(258, 5, 8),
(258, 6, 3),
(258, 8, 2),
(258, 7, 8),
(258, 9, 9),
(258, 10, 4),
(259, 1, 6),
(259, 2, 4),
(259, 3, 1),
(259, 4, 10),
(259, 5, 7),
(259, 6, 6),
(259, 8, 2),
(259, 7, 7),
(259, 9, 3),
(259, 10, 9),
(260, 1, 10),
(260, 2, 10),
(260, 3, 10),
(260, 4, 7),
(260, 5, 1),
(260, 6, 7),
(260, 8, 5),
(260, 7, 4),
(260, 9, 5),
(260, 10, 6),
(261, 1, 6),
(261, 2, 4),
(261, 3, 1),
(261, 4, 6),
(261, 5, 2),
(261, 6, 3),
(261, 8, 4),
(261, 7, 2),
(261, 9, 5),
(261, 10, 7),
(262, 1, 9),
(262, 2, 6),
(262, 3, 9),
(262, 4, 9),
(262, 5, 6),
(262, 6, 1),
(262, 8, 9),
(262, 7, 2),
(262, 9, 7),
(262, 10, 10),
(263, 1, 4),
(263, 2, 3),
(263, 3, 10),
(263, 4, 8),
(263, 5, 6),
(263, 6, 3),
(263, 8, 9),
(263, 7, 5),
(263, 9, 5),
(263, 10, 2),
(264, 1, 1),
(264, 2, 7),
(264, 3, 7),
(264, 4, 10),
(264, 5, 10),
(264, 6, 7),
(264, 8, 8),
(264, 7, 6),
(264, 9, 9),
(264, 10, 2),
(265, 1, 3),
(265, 2, 9),
(265, 3, 8),
(265, 4, 6),
(265, 5, 2),
(265, 6, 10),
(265, 8, 10),
(265, 7, 3),
(265, 9, 2),
(265, 10, 3),
(266, 1, 4),
(266, 2, 4),
(266, 3, 3),
(266, 4, 4),
(266, 5, 1),
(266, 6, 5),
(266, 8, 3),
(266, 7, 6),
(266, 9, 10),
(266, 10, 4),
(267, 1, 1),
(267, 2, 9),
(267, 3, 8),
(267, 4, 1),
(267, 5, 9),
(267, 6, 2),
(267, 8, 6),
(267, 7, 7),
(267, 9, 2),
(267, 10, 5),
(268, 1, 8),
(268, 2, 7),
(268, 3, 8),
(268, 4, 1),
(268, 5, 7),
(268, 6, 7),
(268, 8, 5),
(268, 7, 10),
(268, 9, 10),
(268, 10, 3),
(269, 1, 4),
(269, 2, 2),
(269, 3, 8),
(269, 4, 9),
(269, 5, 6),
(269, 6, 5),
(269, 8, 8),
(269, 7, 7),
(269, 9, 3),
(269, 10, 1),
(270, 1, 4),
(270, 2, 10),
(270, 3, 8),
(270, 4, 9),
(270, 5, 9),
(270, 6, 10),
(270, 8, 5),
(270, 7, 3),
(270, 9, 4),
(270, 10, 2),
(271, 1, 8),
(271, 2, 9),
(271, 3, 4),
(271, 4, 7),
(271, 5, 2),
(271, 6, 7),
(271, 8, 8),
(271, 7, 6),
(271, 9, 10),
(271, 10, 9),
(272, 1, 10),
(272, 2, 2),
(272, 3, 3),
(272, 4, 5),
(272, 5, 5),
(272, 6, 9),
(272, 8, 1),
(272, 7, 2),
(272, 9, 5),
(272, 10, 6),
(273, 1, 9),
(273, 2, 2),
(273, 3, 10),
(273, 4, 8),
(273, 5, 8),
(273, 6, 3),
(273, 8, 1),
(273, 7, 5),
(273, 9, 4),
(273, 10, 10),
(274, 1, 9),
(274, 2, 4),
(274, 3, 4),
(274, 4, 3),
(274, 5, 9),
(274, 6, 6),
(274, 8, 7),
(274, 7, 9),
(274, 9, 2),
(274, 10, 6),
(275, 1, 6),
(275, 2, 1),
(275, 3, 7),
(275, 4, 5),
(275, 5, 1),
(275, 6, 5),
(275, 8, 3),
(275, 7, 9),
(275, 9, 2),
(275, 10, 9),
(276, 1, 3),
(276, 2, 9),
(276, 3, 7),
(276, 4, 10),
(276, 5, 6),
(276, 6, 6),
(276, 8, 7),
(276, 7, 5),
(276, 9, 10),
(276, 10, 2),
(277, 1, 4),
(277, 2, 5),
(277, 3, 4),
(277, 4, 8),
(277, 5, 7),
(277, 6, 5),
(277, 8, 10),
(277, 7, 4),
(277, 9, 6),
(277, 10, 8),
(278, 1, 6),
(278, 2, 2),
(278, 3, 6),
(278, 4, 6),
(278, 5, 10),
(278, 6, 8),
(278, 8, 6),
(278, 7, 2),
(278, 9, 7),
(278, 10, 10),
(279, 1, 8),
(279, 2, 9),
(279, 3, 6),
(279, 4, 1),
(279, 5, 10),
(279, 6, 5),
(279, 8, 1),
(279, 7, 4),
(279, 9, 4),
(279, 10, 4),
(280, 1, 4),
(280, 2, 9),
(280, 3, 9),
(280, 4, 1),
(280, 5, 6),
(280, 6, 4),
(280, 8, 3),
(280, 7, 2),
(280, 9, 9),
(280, 10, 2),
(281, 1, 1),
(281, 2, 7),
(281, 3, 10),
(281, 4, 1),
(281, 5, 9),
(281, 6, 5),
(281, 8, 1),
(281, 7, 6),
(281, 9, 1),
(281, 10, 8),
(282, 1, 8),
(282, 2, 2),
(282, 3, 5),
(282, 4, 1),
(282, 5, 10),
(282, 6, 4),
(282, 8, 9),
(282, 7, 10),
(282, 9, 9),
(282, 10, 9),
(283, 1, 1),
(283, 2, 1),
(283, 3, 5),
(283, 4, 1),
(283, 5, 1),
(283, 6, 3),
(283, 8, 10),
(283, 7, 5),
(283, 9, 3),
(283, 10, 2),
(284, 1, 8),
(284, 2, 10),
(284, 3, 8),
(284, 4, 7),
(284, 5, 7),
(284, 6, 5),
(284, 8, 1),
(284, 7, 8),
(284, 9, 1),
(284, 10, 9),
(285, 1, 2),
(285, 2, 4),
(285, 3, 5),
(285, 4, 5),
(285, 5, 10),
(285, 6, 10),
(285, 8, 8),
(285, 7, 1),
(285, 9, 6),
(285, 10, 9),
(286, 1, 5),
(286, 2, 5),
(286, 3, 5),
(286, 4, 8),
(286, 5, 1),
(286, 6, 8),
(286, 8, 3),
(286, 7, 3),
(286, 9, 2),
(286, 10, 6),
(287, 1, 10),
(287, 2, 4),
(287, 3, 4),
(287, 4, 1),
(287, 5, 10),
(287, 6, 9),
(287, 8, 3),
(287, 7, 1),
(287, 9, 10),
(287, 10, 4),
(288, 1, 7),
(288, 2, 10),
(288, 3, 8),
(288, 4, 5),
(288, 5, 2),
(288, 6, 3),
(288, 8, 4),
(288, 7, 4),
(288, 9, 9),
(288, 10, 10),
(289, 1, 6),
(289, 2, 5),
(289, 3, 7),
(289, 4, 7),
(289, 5, 2),
(289, 6, 6),
(289, 8, 8),
(289, 7, 1),
(289, 9, 3),
(289, 10, 1),
(290, 1, 4),
(290, 2, 1),
(290, 3, 5),
(290, 4, 10),
(290, 5, 6),
(290, 6, 4),
(290, 8, 7),
(290, 7, 8),
(290, 9, 4),
(290, 10, 5),
(291, 1, 3),
(291, 2, 3),
(291, 3, 7),
(291, 4, 6),
(291, 5, 2),
(291, 6, 2),
(291, 8, 3),
(291, 7, 5),
(291, 9, 4),
(291, 10, 5),
(292, 1, 10),
(292, 2, 3),
(292, 3, 2),
(292, 4, 1),
(292, 5, 3),
(292, 6, 5),
(292, 8, 1),
(292, 7, 6),
(292, 9, 2),
(292, 10, 4),
(293, 1, 8),
(293, 2, 6),
(293, 3, 2),
(293, 4, 2),
(293, 5, 8),
(293, 6, 4),
(293, 8, 7),
(293, 7, 3),
(293, 9, 1),
(293, 10, 5),
(294, 1, 8),
(294, 2, 1),
(294, 3, 10),
(294, 4, 8),
(294, 5, 7),
(294, 6, 4),
(294, 8, 6),
(294, 7, 8),
(294, 9, 7),
(294, 10, 9),
(295, 1, 7),
(295, 2, 1),
(295, 3, 5),
(295, 4, 1),
(295, 5, 4),
(295, 6, 2),
(295, 8, 10),
(295, 7, 10),
(295, 9, 6),
(295, 10, 8),
(296, 1, 2),
(296, 2, 1),
(296, 3, 5),
(296, 4, 10),
(296, 5, 10),
(296, 6, 10),
(296, 8, 1),
(296, 7, 5),
(296, 9, 4),
(296, 10, 9),
(297, 1, 9),
(297, 2, 1),
(297, 3, 4),
(297, 4, 10),
(297, 5, 5),
(297, 6, 6),
(297, 8, 2),
(297, 7, 3),
(297, 9, 6),
(297, 10, 7),
(298, 1, 7),
(298, 2, 1),
(298, 3, 9),
(298, 4, 2),
(298, 5, 9),
(298, 6, 2),
(298, 8, 1),
(298, 7, 3),
(298, 9, 9),
(298, 10, 9),
(299, 1, 3),
(299, 2, 8),
(299, 3, 1),
(299, 4, 9),
(299, 5, 6),
(299, 6, 4),
(299, 8, 5),
(299, 7, 7),
(299, 9, 8),
(299, 10, 3),
(300, 1, 5),
(300, 2, 1),
(300, 3, 7),
(300, 4, 8),
(300, 5, 3),
(300, 6, 7),
(300, 8, 3),
(300, 7, 2),
(300, 9, 8),
(300, 10, 4),
(301, 1, 8),
(301, 2, 9),
(301, 3, 10),
(301, 4, 7),
(301, 5, 4),
(301, 6, 6),
(301, 8, 8),
(301, 7, 3),
(301, 9, 3),
(301, 10, 6),
(302, 1, 5),
(302, 2, 4),
(302, 3, 5),
(302, 4, 8),
(302, 5, 2),
(302, 6, 6),
(302, 8, 7),
(302, 7, 4),
(302, 9, 3),
(302, 10, 10),
(303, 1, 8),
(303, 2, 4),
(303, 3, 5),
(303, 4, 3),
(303, 5, 1),
(303, 6, 6),
(303, 8, 1),
(303, 7, 9),
(303, 9, 6),
(303, 10, 6),
(304, 1, 8),
(304, 2, 2),
(304, 3, 8),
(304, 4, 2),
(304, 5, 7),
(304, 6, 4),
(304, 8, 4),
(304, 7, 6),
(304, 9, 10),
(304, 10, 8),
(305, 1, 8),
(305, 2, 10),
(305, 3, 6),
(305, 4, 9),
(305, 5, 7),
(305, 6, 4),
(305, 8, 5),
(305, 7, 4),
(305, 9, 1),
(305, 10, 8),
(306, 1, 3),
(306, 2, 8),
(306, 3, 3),
(306, 4, 3),
(306, 5, 9),
(306, 6, 4),
(306, 8, 2),
(306, 7, 6),
(306, 9, 1),
(306, 10, 7),
(307, 1, 3),
(307, 2, 4),
(307, 3, 2),
(307, 4, 1),
(307, 5, 6),
(307, 6, 6),
(307, 8, 7),
(307, 7, 4),
(307, 9, 1),
(307, 10, 4),
(308, 1, 8),
(308, 2, 3),
(308, 3, 1),
(308, 4, 6),
(308, 5, 2),
(308, 6, 7),
(308, 8, 8),
(308, 7, 7),
(308, 9, 3),
(308, 10, 5),
(309, 1, 10),
(309, 2, 1),
(309, 3, 6),
(309, 4, 5),
(309, 5, 9),
(309, 6, 10),
(309, 8, 5),
(309, 7, 2),
(309, 9, 9),
(309, 10, 1),
(310, 1, 6),
(310, 2, 6),
(310, 3, 9),
(310, 4, 7),
(310, 5, 10),
(310, 6, 4),
(310, 8, 8),
(310, 7, 10),
(310, 9, 4),
(310, 10, 6),
(311, 1, 9),
(311, 2, 6),
(311, 3, 6),
(311, 4, 8),
(311, 5, 4),
(311, 6, 8),
(311, 8, 8),
(311, 7, 6),
(311, 9, 4),
(311, 10, 10),
(312, 1, 8),
(312, 2, 7),
(312, 3, 8),
(312, 4, 8),
(312, 5, 6),
(312, 6, 6),
(312, 8, 9),
(312, 7, 2),
(312, 9, 3),
(312, 10, 4),
(313, 1, 2),
(313, 2, 10),
(313, 3, 7),
(313, 4, 3),
(313, 5, 4),
(313, 6, 1),
(313, 8, 10),
(313, 7, 6),
(313, 9, 7),
(313, 10, 6),
(314, 1, 10),
(314, 2, 4),
(314, 3, 6),
(314, 4, 5),
(314, 5, 1),
(314, 6, 7),
(314, 8, 3),
(314, 7, 10),
(314, 9, 10),
(314, 10, 8),
(315, 1, 7),
(315, 2, 1),
(315, 3, 6),
(315, 4, 10),
(315, 5, 3),
(315, 6, 4),
(315, 8, 6),
(315, 7, 5),
(315, 9, 10),
(315, 10, 10),
(316, 1, 4),
(316, 2, 10),
(316, 3, 8),
(316, 4, 4),
(316, 5, 3),
(316, 6, 5),
(316, 8, 5),
(316, 7, 6),
(316, 9, 5),
(316, 10, 6),
(317, 1, 1),
(317, 2, 2),
(317, 3, 10),
(317, 4, 9),
(317, 5, 2),
(317, 6, 1),
(317, 8, 3),
(317, 7, 10),
(317, 9, 1),
(317, 10, 3),
(318, 1, 8),
(318, 2, 1),
(318, 3, 3),
(318, 4, 3),
(318, 5, 10),
(318, 6, 6),
(318, 8, 1),
(318, 7, 7),
(318, 9, 6),
(318, 10, 8),
(319, 1, 4),
(319, 2, 10),
(319, 3, 3),
(319, 4, 10),
(319, 5, 2),
(319, 6, 10),
(319, 8, 5),
(319, 7, 3),
(319, 9, 4),
(319, 10, 10),
(320, 1, 9),
(320, 2, 3),
(320, 3, 3),
(320, 4, 6),
(320, 5, 10),
(320, 6, 1),
(320, 8, 7),
(320, 7, 5),
(320, 9, 7),
(320, 10, 10),
(321, 1, 7),
(321, 2, 7),
(321, 3, 9),
(321, 4, 7),
(321, 5, 4),
(321, 6, 7),
(321, 8, 5),
(321, 7, 10),
(321, 9, 7),
(321, 10, 6),
(322, 1, 10),
(322, 2, 10),
(322, 3, 9),
(322, 4, 4),
(322, 5, 3),
(322, 6, 10),
(322, 8, 5),
(322, 7, 7),
(322, 9, 7),
(322, 10, 10),
(323, 1, 7),
(323, 2, 3),
(323, 3, 8),
(323, 4, 9),
(323, 5, 3),
(323, 6, 6),
(323, 8, 8),
(323, 7, 10),
(323, 9, 3),
(323, 10, 5),
(324, 1, 6),
(324, 2, 10),
(324, 3, 7),
(324, 4, 7),
(324, 5, 2),
(324, 6, 9),
(324, 8, 4),
(324, 7, 6),
(324, 9, 7),
(324, 10, 9),
(325, 1, 10),
(325, 2, 5),
(325, 3, 9),
(325, 4, 1),
(325, 5, 10),
(325, 6, 2),
(325, 8, 9),
(325, 7, 9),
(325, 9, 1),
(325, 10, 8),
(326, 1, 2),
(326, 2, 3),
(326, 3, 9),
(326, 4, 1),
(326, 5, 10),
(326, 6, 10),
(326, 8, 6),
(326, 7, 6),
(326, 9, 2),
(326, 10, 8),
(327, 1, 6),
(327, 2, 6),
(327, 3, 10),
(327, 4, 7),
(327, 5, 5),
(327, 6, 2),
(327, 8, 9),
(327, 7, 8),
(327, 9, 2),
(327, 10, 6),
(328, 1, 3),
(328, 2, 5),
(328, 3, 3),
(328, 4, 10),
(328, 5, 4),
(328, 6, 5),
(328, 8, 2),
(328, 7, 9),
(328, 9, 4),
(328, 10, 3),
(329, 1, 9),
(329, 2, 9),
(329, 3, 7),
(329, 4, 8),
(329, 5, 3),
(329, 6, 8),
(329, 8, 1),
(329, 7, 4),
(329, 9, 8),
(329, 10, 1),
(330, 1, 2),
(330, 2, 2),
(330, 3, 1),
(330, 4, 6),
(330, 5, 1),
(330, 6, 5),
(330, 8, 1),
(330, 7, 4),
(330, 9, 5),
(330, 10, 7),
(331, 1, 1),
(331, 2, 1),
(331, 3, 2),
(331, 4, 5),
(331, 5, 1),
(331, 6, 5),
(331, 8, 7),
(331, 7, 10),
(331, 9, 3),
(331, 10, 9),
(332, 1, 4),
(332, 2, 3),
(332, 3, 8),
(332, 4, 5),
(332, 5, 5),
(332, 6, 5),
(332, 8, 5),
(332, 7, 5),
(332, 9, 3),
(332, 10, 8),
(333, 1, 1),
(333, 2, 3),
(333, 3, 9),
(333, 4, 7),
(333, 5, 6),
(333, 6, 9),
(333, 8, 5),
(333, 7, 5),
(333, 9, 6),
(333, 10, 1),
(334, 1, 7),
(334, 2, 9),
(334, 3, 7),
(334, 4, 9),
(334, 5, 3),
(334, 6, 4),
(334, 8, 3),
(334, 7, 4),
(334, 9, 2),
(334, 10, 8),
(335, 1, 4),
(335, 2, 4),
(335, 3, 4),
(335, 4, 8),
(335, 5, 2),
(335, 6, 6),
(335, 8, 4),
(335, 7, 6),
(335, 9, 5),
(335, 10, 1),
(336, 1, 7),
(336, 2, 3),
(336, 3, 7),
(336, 4, 7),
(336, 5, 3),
(336, 6, 4),
(336, 8, 3),
(336, 7, 1),
(336, 9, 9),
(336, 10, 10),
(337, 1, 8),
(337, 2, 4),
(337, 3, 10),
(337, 4, 7),
(337, 5, 1),
(337, 6, 10),
(337, 8, 2),
(337, 7, 1),
(337, 9, 1),
(337, 10, 5),
(338, 1, 1),
(338, 2, 2),
(338, 3, 6),
(338, 4, 10),
(338, 5, 7),
(338, 6, 2),
(338, 8, 2),
(338, 7, 6),
(338, 9, 1),
(338, 10, 10),
(339, 1, 5),
(339, 2, 9),
(339, 3, 3),
(339, 4, 8),
(339, 5, 4),
(339, 6, 10),
(339, 8, 1),
(339, 7, 3),
(339, 9, 9),
(339, 10, 9),
(340, 1, 7),
(340, 2, 6),
(340, 3, 2),
(340, 4, 10),
(340, 5, 3),
(340, 6, 9),
(340, 8, 2),
(340, 7, 2),
(340, 9, 6),
(340, 10, 8),
(341, 1, 10),
(341, 2, 4),
(341, 3, 2),
(341, 4, 10),
(341, 5, 4),
(341, 6, 7),
(341, 8, 5),
(341, 7, 4),
(341, 9, 4),
(341, 10, 1),
(342, 1, 4),
(342, 2, 4),
(342, 3, 1),
(342, 4, 6),
(342, 5, 8),
(342, 6, 1),
(342, 8, 10),
(342, 7, 5),
(342, 9, 8),
(342, 10, 4),
(343, 1, 10),
(343, 2, 3),
(343, 3, 4),
(343, 4, 8),
(343, 5, 2),
(343, 6, 6),
(343, 8, 4),
(343, 7, 8),
(343, 9, 9),
(343, 10, 6),
(344, 1, 2),
(344, 2, 10),
(344, 3, 1),
(344, 4, 10),
(344, 5, 8),
(344, 6, 6),
(344, 8, 4),
(344, 7, 4),
(344, 9, 1),
(344, 10, 7),
(345, 1, 5),
(345, 2, 4),
(345, 3, 9),
(345, 4, 3),
(345, 5, 4),
(345, 6, 8),
(345, 8, 8),
(345, 7, 10),
(345, 9, 3),
(345, 10, 6),
(346, 1, 3),
(346, 2, 7),
(346, 3, 5),
(346, 4, 5),
(346, 5, 2),
(346, 6, 6),
(346, 8, 5),
(346, 7, 6),
(346, 9, 1),
(346, 10, 5),
(347, 1, 10),
(347, 2, 10),
(347, 3, 6),
(347, 4, 6),
(347, 5, 9),
(347, 6, 3),
(347, 8, 9),
(347, 7, 8),
(347, 9, 2),
(347, 10, 1),
(348, 1, 9),
(348, 2, 5),
(348, 3, 5),
(348, 4, 4),
(348, 5, 6),
(348, 6, 8),
(348, 8, 8),
(348, 7, 9),
(348, 9, 7),
(348, 10, 9),
(349, 1, 3),
(349, 2, 5),
(349, 3, 5),
(349, 4, 2),
(349, 5, 1),
(349, 6, 6),
(349, 8, 8),
(349, 7, 4),
(349, 9, 2),
(349, 10, 5),
(350, 1, 1),
(350, 2, 8),
(350, 3, 6),
(350, 4, 2),
(350, 5, 6),
(350, 6, 8),
(350, 8, 9),
(350, 7, 9),
(350, 9, 7),
(350, 10, 8),
(351, 1, 6),
(351, 2, 2),
(351, 3, 6),
(351, 4, 9),
(351, 5, 4),
(351, 6, 6),
(351, 8, 8),
(351, 7, 1),
(351, 9, 1),
(351, 10, 7),
(352, 1, 5),
(352, 2, 8),
(352, 3, 9),
(352, 4, 7),
(352, 5, 8),
(352, 6, 3),
(352, 8, 8),
(352, 7, 3),
(352, 9, 2),
(352, 10, 6),
(353, 1, 2),
(353, 2, 7),
(353, 3, 3),
(353, 4, 8),
(353, 5, 10),
(353, 6, 2),
(353, 8, 2),
(353, 7, 3),
(353, 9, 8),
(353, 10, 5),
(354, 1, 2),
(354, 2, 1),
(354, 3, 2),
(354, 4, 4),
(354, 5, 3),
(354, 6, 1),
(354, 8, 2),
(354, 7, 10),
(354, 9, 6),
(354, 10, 7),
(355, 1, 9),
(355, 2, 3),
(355, 3, 3),
(355, 4, 2),
(355, 5, 8),
(355, 6, 4),
(355, 8, 2),
(355, 7, 6),
(355, 9, 1),
(355, 10, 8),
(356, 1, 9),
(356, 2, 1),
(356, 3, 2),
(356, 4, 4),
(356, 5, 3),
(356, 6, 2),
(356, 8, 3),
(356, 7, 3),
(356, 9, 6),
(356, 10, 9),
(357, 1, 3),
(357, 2, 9),
(357, 3, 2),
(357, 4, 5),
(357, 5, 8),
(357, 6, 3),
(357, 8, 6),
(357, 7, 2),
(357, 9, 1),
(357, 10, 5),
(358, 1, 8),
(358, 2, 4),
(358, 3, 5),
(358, 4, 8),
(358, 5, 7),
(358, 6, 8),
(358, 8, 6),
(358, 7, 1),
(358, 9, 7),
(358, 10, 1),
(359, 1, 9),
(359, 2, 8),
(359, 3, 3),
(359, 4, 6),
(359, 5, 6),
(359, 6, 3),
(359, 8, 5),
(359, 7, 9),
(359, 9, 10),
(359, 10, 1),
(360, 1, 2),
(360, 2, 3),
(360, 3, 8),
(360, 4, 8),
(360, 5, 8),
(360, 6, 5),
(360, 8, 9),
(360, 7, 10),
(360, 9, 2),
(360, 10, 3),
(361, 1, 10),
(361, 2, 3),
(361, 3, 1),
(361, 4, 8),
(361, 5, 7),
(361, 6, 3),
(361, 8, 6),
(361, 7, 7),
(361, 9, 4),
(361, 10, 5),
(362, 1, 1),
(362, 2, 9),
(362, 3, 1),
(362, 4, 7),
(362, 5, 3),
(362, 6, 10),
(362, 8, 7),
(362, 7, 5),
(362, 9, 2),
(362, 10, 9),
(363, 1, 6),
(363, 2, 6),
(363, 3, 2),
(363, 4, 9),
(363, 5, 6),
(363, 6, 7),
(363, 8, 10),
(363, 7, 4),
(363, 9, 9),
(363, 10, 2),
(364, 1, 6),
(364, 2, 10),
(364, 3, 3),
(364, 4, 6),
(364, 5, 3),
(364, 6, 10),
(364, 8, 9),
(364, 7, 7),
(364, 9, 6),
(364, 10, 5),
(365, 1, 2),
(365, 2, 2),
(365, 3, 2),
(365, 4, 1),
(365, 5, 4),
(365, 6, 9),
(365, 8, 4),
(365, 7, 7),
(365, 9, 1),
(365, 10, 3),
(366, 1, 4),
(366, 2, 5),
(366, 3, 8),
(366, 4, 5),
(366, 5, 1),
(366, 6, 3),
(366, 8, 10),
(366, 7, 10),
(366, 9, 7),
(366, 10, 8),
(367, 1, 2),
(367, 2, 10),
(367, 3, 8),
(367, 4, 7),
(367, 5, 1),
(367, 6, 9),
(367, 8, 5),
(367, 7, 4),
(367, 9, 9),
(367, 10, 2),
(368, 1, 7),
(368, 2, 5),
(368, 3, 9),
(368, 4, 4),
(368, 5, 7),
(368, 6, 1),
(368, 8, 2),
(368, 7, 4),
(368, 9, 8),
(368, 10, 6),
(369, 1, 9),
(369, 2, 1),
(369, 3, 2),
(369, 4, 10),
(369, 5, 10),
(369, 6, 3),
(369, 8, 9),
(369, 7, 3),
(369, 9, 2),
(369, 10, 9),
(370, 1, 3),
(370, 2, 7),
(370, 3, 3),
(370, 4, 9),
(370, 5, 2),
(370, 6, 8),
(370, 8, 10),
(370, 7, 10),
(370, 9, 6),
(370, 10, 2),
(371, 1, 9),
(371, 2, 1),
(371, 3, 3),
(371, 4, 6),
(371, 5, 7),
(371, 6, 9),
(371, 8, 9),
(371, 7, 6),
(371, 9, 4),
(371, 10, 5),
(372, 1, 2),
(372, 2, 3),
(372, 3, 3),
(372, 4, 9),
(372, 5, 3),
(372, 6, 1),
(372, 8, 6),
(372, 7, 10),
(372, 9, 4),
(372, 10, 9),
(373, 1, 9),
(373, 2, 2),
(373, 3, 9),
(373, 4, 3),
(373, 5, 5),
(373, 6, 1),
(373, 8, 3),
(373, 7, 9),
(373, 9, 1),
(373, 10, 6),
(374, 1, 2),
(374, 2, 1),
(374, 3, 10),
(374, 4, 4),
(374, 5, 8),
(374, 6, 4),
(374, 8, 6),
(374, 7, 4),
(374, 9, 5),
(374, 10, 5),
(375, 1, 3),
(375, 2, 6),
(375, 3, 10),
(375, 4, 1),
(375, 5, 8),
(375, 6, 5),
(375, 8, 5),
(375, 7, 8),
(375, 9, 8),
(375, 10, 10),
(376, 1, 1),
(376, 2, 3),
(376, 3, 8),
(376, 4, 2),
(376, 5, 10),
(376, 6, 3),
(376, 8, 1),
(376, 7, 10),
(376, 9, 4),
(376, 10, 2),
(377, 1, 10),
(377, 2, 7),
(377, 3, 6),
(377, 4, 2),
(377, 5, 5),
(377, 6, 3),
(377, 8, 10),
(377, 7, 3),
(377, 9, 6),
(377, 10, 8),
(378, 1, 7),
(378, 2, 4),
(378, 3, 9),
(378, 4, 6),
(378, 5, 9),
(378, 6, 1),
(378, 8, 5),
(378, 7, 8),
(378, 9, 5),
(378, 10, 4),
(379, 1, 3),
(379, 2, 1),
(379, 3, 8),
(379, 4, 8),
(379, 5, 3),
(379, 6, 3),
(379, 8, 5),
(379, 7, 4),
(379, 9, 7),
(379, 10, 7),
(380, 1, 6),
(380, 2, 5),
(380, 3, 6),
(380, 4, 5),
(380, 5, 10),
(380, 6, 9),
(380, 8, 8),
(380, 7, 4),
(380, 9, 1),
(380, 10, 8),
(381, 1, 1),
(381, 2, 3),
(381, 3, 6),
(381, 4, 4),
(381, 5, 2),
(381, 6, 8),
(381, 8, 4),
(381, 7, 3),
(381, 9, 7),
(381, 10, 1),
(382, 1, 10),
(382, 2, 2),
(382, 3, 10),
(382, 4, 6),
(382, 5, 9),
(382, 6, 8),
(382, 8, 1),
(382, 7, 9),
(382, 9, 6),
(382, 10, 6),
(383, 1, 6),
(383, 2, 7),
(383, 3, 1),
(383, 4, 4),
(383, 5, 6),
(383, 6, 3),
(383, 8, 3),
(383, 7, 1),
(383, 9, 9),
(383, 10, 6),
(384, 1, 4),
(384, 2, 6),
(384, 3, 9),
(384, 4, 1),
(384, 5, 10),
(384, 6, 5),
(384, 8, 6),
(384, 7, 2),
(384, 9, 2),
(384, 10, 5),
(385, 1, 1),
(385, 2, 7),
(385, 3, 4),
(385, 4, 1),
(385, 5, 4),
(385, 6, 1),
(385, 8, 9),
(385, 7, 4),
(385, 9, 9),
(385, 10, 3),
(386, 1, 10),
(386, 2, 2),
(386, 3, 5),
(386, 4, 2),
(386, 5, 3),
(386, 6, 1),
(386, 8, 8),
(386, 7, 9),
(386, 9, 10),
(386, 10, 4),
(387, 1, 8),
(387, 2, 8),
(387, 3, 1),
(387, 4, 3),
(387, 5, 3),
(387, 6, 9),
(387, 8, 4),
(387, 7, 6),
(387, 9, 2),
(387, 10, 7),
(388, 1, 7),
(388, 2, 4),
(388, 3, 5),
(388, 4, 10),
(388, 5, 6),
(388, 6, 7),
(388, 8, 6),
(388, 7, 7),
(388, 9, 3),
(388, 10, 1),
(389, 1, 1),
(389, 2, 4),
(389, 3, 6),
(389, 4, 1),
(389, 5, 7),
(389, 6, 4),
(389, 8, 4),
(389, 7, 7),
(389, 9, 9),
(389, 10, 6),
(390, 1, 6),
(390, 2, 7),
(390, 3, 5),
(390, 4, 10),
(390, 5, 10),
(390, 6, 10),
(390, 8, 6),
(390, 7, 9),
(390, 9, 2),
(390, 10, 8),
(391, 1, 10),
(391, 2, 4),
(391, 3, 6),
(391, 4, 10),
(391, 5, 4),
(391, 6, 2),
(391, 8, 5),
(391, 7, 8),
(391, 9, 7),
(391, 10, 4),
(392, 1, 2),
(392, 2, 4),
(392, 3, 10),
(392, 4, 1),
(392, 5, 9),
(392, 6, 6),
(392, 8, 1),
(392, 7, 6),
(392, 9, 7),
(392, 10, 2),
(393, 1, 2),
(393, 2, 9),
(393, 3, 2),
(393, 4, 5),
(393, 5, 6),
(393, 6, 7),
(393, 8, 5),
(393, 7, 1),
(393, 9, 7),
(393, 10, 1),
(394, 1, 8),
(394, 2, 9),
(394, 3, 6),
(394, 4, 5),
(394, 5, 5),
(394, 6, 3),
(394, 8, 6),
(394, 7, 6),
(394, 9, 1),
(394, 10, 5),
(395, 1, 4),
(395, 2, 6),
(395, 3, 1),
(395, 4, 8),
(395, 5, 4),
(395, 6, 3),
(395, 8, 6),
(395, 7, 8),
(395, 9, 9),
(395, 10, 4),
(396, 1, 10),
(396, 2, 7),
(396, 3, 4),
(396, 4, 10),
(396, 5, 10),
(396, 6, 2),
(396, 8, 3),
(396, 7, 8),
(396, 9, 4),
(396, 10, 9),
(397, 1, 1),
(397, 2, 6),
(397, 3, 10),
(397, 4, 7),
(397, 5, 9),
(397, 6, 4),
(397, 8, 7),
(397, 7, 4),
(397, 9, 6),
(397, 10, 6),
(398, 1, 2),
(398, 2, 5),
(398, 3, 7),
(398, 4, 6),
(398, 5, 4),
(398, 6, 10),
(398, 8, 9),
(398, 7, 2),
(398, 9, 3),
(398, 10, 9),
(399, 1, 4),
(399, 2, 10),
(399, 3, 2),
(399, 4, 1),
(399, 5, 5),
(399, 6, 4),
(399, 8, 3),
(399, 7, 5),
(399, 9, 9),
(399, 10, 8),
(400, 1, 3),
(400, 2, 2),
(400, 3, 3),
(400, 4, 8),
(400, 5, 5),
(400, 6, 7),
(400, 8, 9),
(400, 7, 9),
(400, 9, 4),
(400, 10, 7),
(401, 1, 1),
(401, 2, 2),
(401, 3, 6),
(401, 4, 5),
(401, 5, 3),
(401, 6, 7),
(401, 8, 8),
(401, 7, 1),
(401, 9, 4),
(401, 10, 5),
(402, 1, 9),
(402, 2, 3),
(402, 3, 7),
(402, 4, 10),
(402, 5, 8),
(402, 6, 5),
(402, 8, 9),
(402, 7, 1),
(402, 9, 7),
(402, 10, 6),
(403, 1, 6),
(403, 2, 7),
(403, 3, 9),
(403, 4, 5),
(403, 5, 9),
(403, 6, 3),
(403, 8, 10),
(403, 7, 2),
(403, 9, 3),
(403, 10, 7),
(404, 1, 2),
(404, 2, 1),
(404, 3, 8),
(404, 4, 7),
(404, 5, 5),
(404, 6, 10),
(404, 8, 9),
(404, 7, 8),
(404, 9, 9),
(404, 10, 10),
(405, 1, 10),
(405, 2, 9),
(405, 3, 5),
(405, 4, 7),
(405, 5, 7),
(405, 6, 8),
(405, 8, 2),
(405, 7, 10),
(405, 9, 9),
(405, 10, 5),
(406, 1, 9),
(406, 2, 1),
(406, 3, 10),
(406, 4, 6),
(406, 5, 8),
(406, 6, 8),
(406, 8, 6),
(406, 7, 9),
(406, 9, 2),
(406, 10, 2),
(407, 1, 9),
(407, 2, 8),
(407, 3, 5),
(407, 4, 10),
(407, 5, 10),
(407, 6, 4),
(407, 8, 8),
(407, 7, 10),
(407, 9, 10),
(407, 10, 9),
(408, 1, 9),
(408, 2, 4),
(408, 3, 4),
(408, 4, 6),
(408, 5, 1),
(408, 6, 1),
(408, 8, 9),
(408, 7, 6),
(408, 9, 2),
(408, 10, 9),
(409, 1, 7),
(409, 2, 4),
(409, 3, 7),
(409, 4, 1),
(409, 5, 7),
(409, 6, 4),
(409, 8, 6),
(409, 7, 7),
(409, 9, 10),
(409, 10, 8),
(410, 1, 8),
(410, 2, 6),
(410, 3, 4),
(410, 4, 10),
(410, 5, 6),
(410, 6, 2),
(410, 8, 9),
(410, 7, 6),
(410, 9, 1),
(410, 10, 10),
(411, 1, 7),
(411, 2, 2),
(411, 3, 9),
(411, 4, 2),
(411, 5, 7),
(411, 6, 7),
(411, 8, 2),
(411, 7, 8),
(411, 9, 8),
(411, 10, 1),
(412, 1, 9),
(412, 2, 4),
(412, 3, 5),
(412, 4, 6),
(412, 5, 2),
(412, 6, 7),
(412, 8, 2),
(412, 7, 6),
(412, 9, 6),
(412, 10, 2),
(413, 1, 9),
(413, 2, 1),
(413, 3, 9),
(413, 4, 5),
(413, 5, 7),
(413, 6, 2),
(413, 8, 3),
(413, 7, 1),
(413, 9, 10),
(413, 10, 3),
(414, 1, 9),
(414, 2, 9),
(414, 3, 7),
(414, 4, 6),
(414, 5, 3),
(414, 6, 8),
(414, 8, 5),
(414, 7, 9),
(414, 9, 2),
(414, 10, 7),
(415, 1, 3),
(415, 2, 1),
(415, 3, 3),
(415, 4, 6),
(415, 5, 2),
(415, 6, 2),
(415, 8, 1),
(415, 7, 1),
(415, 9, 7),
(415, 10, 6),
(416, 1, 2),
(416, 2, 2),
(416, 3, 3),
(416, 4, 8),
(416, 5, 2),
(416, 6, 4),
(416, 8, 9),
(416, 7, 4),
(416, 9, 4),
(416, 10, 1),
(417, 1, 3),
(417, 2, 8),
(417, 3, 5),
(417, 4, 10),
(417, 5, 3),
(417, 6, 5),
(417, 8, 4),
(417, 7, 3),
(417, 9, 4),
(417, 10, 7),
(418, 1, 6),
(418, 2, 7),
(418, 3, 4),
(418, 4, 7),
(418, 5, 1),
(418, 6, 3),
(418, 8, 4),
(418, 7, 9),
(418, 9, 1),
(418, 10, 6),
(419, 1, 7),
(419, 2, 10),
(419, 3, 8),
(419, 4, 4),
(419, 5, 5),
(419, 6, 4),
(419, 8, 3),
(419, 7, 2),
(419, 9, 10),
(419, 10, 1),
(420, 1, 1),
(420, 2, 2),
(420, 3, 10),
(420, 4, 6),
(420, 5, 7),
(420, 6, 7),
(420, 8, 1),
(420, 7, 5),
(420, 9, 10),
(420, 10, 6),
(421, 1, 4),
(421, 2, 8),
(421, 3, 2),
(421, 4, 9),
(421, 5, 4),
(421, 6, 8),
(421, 8, 6),
(421, 7, 10),
(421, 9, 8),
(421, 10, 5),
(422, 1, 8),
(422, 2, 1),
(422, 3, 8),
(422, 4, 6),
(422, 5, 4),
(422, 6, 3),
(422, 8, 9),
(422, 7, 5),
(422, 9, 10),
(422, 10, 5),
(423, 1, 2),
(423, 2, 5),
(423, 3, 7),
(423, 4, 2),
(423, 5, 3),
(423, 6, 1),
(423, 8, 6),
(423, 7, 4),
(423, 9, 6),
(423, 10, 7),
(424, 1, 5),
(424, 2, 8),
(424, 3, 6),
(424, 4, 6),
(424, 5, 4),
(424, 6, 1),
(424, 8, 7),
(424, 7, 6),
(424, 9, 1),
(424, 10, 5),
(425, 1, 8),
(425, 2, 4),
(425, 3, 5),
(425, 4, 8),
(425, 5, 3),
(425, 6, 6),
(425, 8, 8),
(425, 7, 6),
(425, 9, 1),
(425, 10, 1),
(426, 1, 3),
(426, 2, 8),
(426, 3, 5),
(426, 4, 7),
(426, 5, 3),
(426, 6, 1),
(426, 8, 10),
(426, 7, 3),
(426, 9, 8),
(426, 10, 9),
(427, 1, 2),
(427, 2, 9),
(427, 3, 10),
(427, 4, 10),
(427, 5, 8),
(427, 6, 7),
(427, 8, 3),
(427, 7, 1),
(427, 9, 10),
(427, 10, 9),
(428, 1, 10),
(428, 2, 2),
(428, 3, 6),
(428, 4, 7),
(428, 5, 4),
(428, 6, 1),
(428, 8, 7),
(428, 7, 10),
(428, 9, 5),
(428, 10, 9),
(429, 1, 7),
(429, 2, 1),
(429, 3, 3),
(429, 4, 3),
(429, 5, 8),
(429, 6, 1),
(429, 8, 5),
(429, 7, 6),
(429, 9, 10),
(429, 10, 7),
(430, 1, 9),
(430, 2, 8),
(430, 3, 8),
(430, 4, 4),
(430, 5, 10),
(430, 6, 3),
(430, 8, 7),
(430, 7, 2),
(430, 9, 9),
(430, 10, 3),
(431, 1, 10),
(431, 2, 10),
(431, 3, 9),
(431, 4, 3),
(431, 5, 1),
(431, 6, 6),
(431, 8, 1),
(431, 7, 5),
(431, 9, 5),
(431, 10, 4),
(432, 1, 3),
(432, 2, 10),
(432, 3, 7),
(432, 4, 3),
(432, 5, 3),
(432, 6, 9),
(432, 8, 7),
(432, 7, 9),
(432, 9, 9),
(432, 10, 6),
(433, 1, 3),
(433, 2, 8),
(433, 3, 9),
(433, 4, 10),
(433, 5, 3),
(433, 6, 2),
(433, 8, 4),
(433, 7, 3),
(433, 9, 1),
(433, 10, 9),
(434, 1, 3),
(434, 2, 4),
(434, 3, 7),
(434, 4, 8),
(434, 5, 1),
(434, 6, 5),
(434, 8, 2),
(434, 7, 7),
(434, 9, 1),
(434, 10, 4),
(435, 1, 6),
(435, 2, 9),
(435, 3, 4),
(435, 4, 9),
(435, 5, 6),
(435, 6, 2),
(435, 8, 10),
(435, 7, 4),
(435, 9, 6),
(435, 10, 10),
(436, 1, 1),
(436, 2, 2),
(436, 3, 1),
(436, 4, 9),
(436, 5, 10),
(436, 6, 10),
(436, 8, 3),
(436, 7, 1),
(436, 9, 8),
(436, 10, 6),
(437, 1, 1),
(437, 2, 2),
(437, 3, 3),
(437, 4, 10),
(437, 5, 8),
(437, 6, 4),
(437, 8, 10),
(437, 7, 3),
(437, 9, 5),
(437, 10, 7),
(438, 1, 8),
(438, 2, 10),
(438, 3, 6),
(438, 4, 10),
(438, 5, 1),
(438, 6, 1),
(438, 8, 8),
(438, 7, 1),
(438, 9, 8),
(438, 10, 5),
(439, 1, 2),
(439, 2, 8),
(439, 3, 6),
(439, 4, 7),
(439, 5, 3),
(439, 6, 8),
(439, 8, 9),
(439, 7, 5),
(439, 9, 7),
(439, 10, 10),
(440, 1, 7),
(440, 2, 7),
(440, 3, 8),
(440, 4, 5),
(440, 5, 1),
(440, 6, 5),
(440, 8, 1),
(440, 7, 3),
(440, 9, 7),
(440, 10, 9),
(441, 1, 4),
(441, 2, 4),
(441, 3, 8),
(441, 4, 8),
(441, 5, 6),
(441, 6, 1),
(441, 8, 9),
(441, 7, 3),
(441, 9, 2),
(441, 10, 8),
(442, 1, 9),
(442, 2, 7),
(442, 3, 3),
(442, 4, 10),
(442, 5, 1),
(442, 6, 8),
(442, 8, 7),
(442, 7, 7),
(442, 9, 2),
(442, 10, 3),
(443, 1, 1),
(443, 2, 9),
(443, 3, 1),
(443, 4, 6),
(443, 5, 2),
(443, 6, 2),
(443, 8, 5),
(443, 7, 1),
(443, 9, 7),
(443, 10, 6),
(444, 1, 6),
(444, 2, 2),
(444, 3, 7),
(444, 4, 10),
(444, 5, 10),
(444, 6, 10),
(444, 8, 2),
(444, 7, 4),
(444, 9, 7),
(444, 10, 4),
(445, 1, 9),
(445, 2, 4),
(445, 3, 3),
(445, 4, 10),
(445, 5, 4),
(445, 6, 8),
(445, 8, 8),
(445, 7, 7),
(445, 9, 1),
(445, 10, 6),
(446, 1, 9),
(446, 2, 1),
(446, 3, 6),
(446, 4, 10),
(446, 5, 4),
(446, 6, 9),
(446, 8, 5),
(446, 7, 5),
(446, 9, 2),
(446, 10, 7),
(447, 1, 9),
(447, 2, 6),
(447, 3, 10),
(447, 4, 6),
(447, 5, 7),
(447, 6, 10),
(447, 8, 10),
(447, 7, 4),
(447, 9, 8),
(447, 10, 5),
(448, 1, 1),
(448, 2, 8),
(448, 3, 8),
(448, 4, 4),
(448, 5, 8),
(448, 6, 5),
(448, 8, 4),
(448, 7, 1),
(448, 9, 4),
(448, 10, 1),
(449, 1, 4),
(449, 2, 1),
(449, 3, 6),
(449, 4, 9),
(449, 5, 3),
(449, 6, 9),
(449, 8, 9),
(449, 7, 6),
(449, 9, 6),
(449, 10, 4),
(450, 1, 7),
(450, 2, 3),
(450, 3, 5),
(450, 4, 8),
(450, 5, 2),
(450, 6, 3),
(450, 8, 6),
(450, 7, 8),
(450, 9, 9),
(450, 10, 7),
(451, 1, 10),
(451, 2, 5),
(451, 3, 2),
(451, 4, 1),
(451, 5, 10),
(451, 6, 9),
(451, 8, 3),
(451, 7, 4),
(451, 9, 8),
(451, 10, 1),
(452, 1, 8),
(452, 2, 7),
(452, 3, 10),
(452, 4, 6),
(452, 5, 9),
(452, 6, 7),
(452, 8, 1),
(452, 7, 1),
(452, 9, 10),
(452, 10, 4),
(453, 1, 5),
(453, 2, 1),
(453, 3, 1),
(453, 4, 5),
(453, 5, 8),
(453, 6, 8),
(453, 8, 5),
(453, 7, 1),
(453, 9, 1),
(453, 10, 1),
(454, 1, 10),
(454, 2, 5),
(454, 3, 3),
(454, 4, 5),
(454, 5, 9),
(454, 6, 5),
(454, 8, 4),
(454, 7, 6),
(454, 9, 7),
(454, 10, 5),
(455, 1, 7),
(455, 2, 5),
(455, 3, 8),
(455, 4, 5),
(455, 5, 5),
(455, 6, 9),
(455, 8, 6),
(455, 7, 7),
(455, 9, 3),
(455, 10, 6),
(456, 1, 8),
(456, 2, 2);
INSERT INTO `memberevents` (`memberID`, `eventID`, `points`) VALUES
(456, 3, 9),
(456, 4, 2),
(456, 5, 4),
(456, 6, 8),
(456, 8, 1),
(456, 7, 4),
(456, 9, 2),
(456, 10, 2),
(457, 1, 9),
(457, 2, 2),
(457, 3, 6),
(457, 4, 10),
(457, 5, 9),
(457, 6, 8),
(457, 8, 10),
(457, 7, 5),
(457, 9, 6),
(457, 10, 7),
(458, 1, 1),
(458, 2, 7),
(458, 3, 4),
(458, 4, 5),
(458, 5, 6),
(458, 6, 3),
(458, 8, 1),
(458, 7, 7),
(458, 9, 1),
(458, 10, 7),
(459, 1, 5),
(459, 2, 8),
(459, 3, 10),
(459, 4, 1),
(459, 5, 7),
(459, 6, 5),
(459, 8, 1),
(459, 7, 6),
(459, 9, 7),
(459, 10, 2),
(460, 1, 10),
(460, 2, 3),
(460, 3, 1),
(460, 4, 10),
(460, 5, 3),
(460, 6, 4),
(460, 8, 5),
(460, 7, 3),
(460, 9, 5),
(460, 10, 6),
(461, 1, 3),
(461, 2, 1),
(461, 3, 3),
(461, 4, 5),
(461, 5, 1),
(461, 6, 4),
(461, 8, 8),
(461, 7, 3),
(461, 9, 5),
(461, 10, 2),
(462, 1, 9),
(462, 2, 1),
(462, 3, 8),
(462, 4, 3),
(462, 5, 5),
(462, 6, 5),
(462, 8, 4),
(462, 7, 4),
(462, 9, 8),
(462, 10, 1),
(463, 1, 7),
(463, 2, 2),
(463, 3, 8),
(463, 4, 8),
(463, 5, 8),
(463, 6, 2),
(463, 8, 8),
(463, 7, 6),
(463, 9, 9),
(463, 10, 7),
(464, 1, 10),
(464, 2, 8),
(464, 3, 9),
(464, 4, 9),
(464, 5, 5),
(464, 6, 2),
(464, 8, 10),
(464, 7, 2),
(464, 9, 5),
(464, 10, 2),
(465, 1, 2),
(465, 2, 2),
(465, 3, 7),
(465, 4, 3),
(465, 5, 1),
(465, 6, 6),
(465, 8, 10),
(465, 7, 6),
(465, 9, 4),
(465, 10, 10),
(466, 1, 10),
(466, 2, 8),
(466, 3, 10),
(466, 4, 9),
(466, 5, 7),
(466, 6, 1),
(466, 8, 2),
(466, 7, 1),
(466, 9, 3),
(466, 10, 2),
(467, 1, 9),
(467, 2, 6),
(467, 3, 5),
(467, 4, 4),
(467, 5, 9),
(467, 6, 4),
(467, 8, 1),
(467, 7, 3),
(467, 9, 8),
(467, 10, 6),
(468, 1, 8),
(468, 2, 3),
(468, 3, 1),
(468, 4, 7),
(468, 5, 6),
(468, 6, 3),
(468, 8, 9),
(468, 7, 1),
(468, 9, 3),
(468, 10, 2),
(469, 1, 10),
(469, 2, 10),
(469, 3, 9),
(469, 4, 10),
(469, 5, 4),
(469, 6, 4),
(469, 8, 8),
(469, 7, 9),
(469, 9, 6),
(469, 10, 10),
(470, 1, 1),
(470, 2, 5),
(470, 3, 8),
(470, 4, 10),
(470, 5, 6),
(470, 6, 9),
(470, 8, 5),
(470, 7, 10),
(470, 9, 4),
(470, 10, 10),
(471, 1, 6),
(471, 2, 8),
(471, 3, 4),
(471, 4, 2),
(471, 5, 6),
(471, 6, 8),
(471, 8, 1),
(471, 7, 10),
(471, 9, 7),
(471, 10, 2),
(472, 1, 9),
(472, 2, 3),
(472, 3, 7),
(472, 4, 9),
(472, 5, 3),
(472, 6, 2),
(472, 8, 1),
(472, 7, 1),
(472, 9, 6),
(472, 10, 6),
(473, 1, 3),
(473, 2, 5),
(473, 3, 6),
(473, 4, 6),
(473, 5, 4),
(473, 6, 2),
(473, 8, 1),
(473, 7, 10),
(473, 9, 1),
(473, 10, 7),
(474, 1, 6),
(474, 2, 4),
(474, 3, 6),
(474, 4, 8),
(474, 5, 3),
(474, 6, 6),
(474, 8, 8),
(474, 7, 3),
(474, 9, 1),
(474, 10, 2),
(475, 1, 9),
(475, 2, 5),
(475, 3, 8),
(475, 4, 6),
(475, 5, 6),
(475, 6, 9),
(475, 8, 10),
(475, 7, 2),
(475, 9, 3),
(475, 10, 6),
(476, 1, 7),
(476, 2, 7),
(476, 3, 4),
(476, 4, 7),
(476, 5, 8),
(476, 6, 6),
(476, 8, 9),
(476, 7, 2),
(476, 9, 5),
(476, 10, 1),
(477, 1, 4),
(477, 2, 7),
(477, 3, 3),
(477, 4, 8),
(477, 5, 9),
(477, 6, 1),
(477, 8, 10),
(477, 7, 1),
(477, 9, 8),
(477, 10, 5),
(478, 1, 1),
(478, 2, 2),
(478, 3, 1),
(478, 4, 3),
(478, 5, 9),
(478, 6, 3),
(478, 8, 7),
(478, 7, 7),
(478, 9, 10),
(478, 10, 1),
(479, 1, 6),
(479, 2, 2),
(479, 3, 3),
(479, 4, 2),
(479, 5, 6),
(479, 6, 7),
(479, 8, 6),
(479, 7, 3),
(479, 9, 10),
(479, 10, 10),
(480, 1, 9),
(480, 2, 4),
(480, 3, 3),
(480, 4, 7),
(480, 5, 7),
(480, 6, 6),
(480, 8, 7),
(480, 7, 7),
(480, 9, 1),
(480, 10, 7),
(481, 1, 5),
(481, 2, 7),
(481, 3, 9),
(481, 4, 3),
(481, 5, 10),
(481, 6, 5),
(481, 8, 10),
(481, 7, 3),
(481, 9, 2),
(481, 10, 10),
(482, 1, 9),
(482, 2, 5),
(482, 3, 10),
(482, 4, 10),
(482, 5, 5),
(482, 6, 4),
(482, 8, 7),
(482, 7, 10),
(482, 9, 5),
(482, 10, 10),
(483, 1, 2),
(483, 2, 1),
(483, 3, 6),
(483, 4, 1),
(483, 5, 7),
(483, 6, 10),
(483, 8, 9),
(483, 7, 4),
(483, 9, 10),
(483, 10, 2),
(484, 1, 3),
(484, 2, 8),
(484, 3, 7),
(484, 4, 7),
(484, 5, 5),
(484, 6, 4),
(484, 8, 2),
(484, 7, 7),
(484, 9, 7),
(484, 10, 7),
(485, 1, 2),
(485, 2, 2),
(485, 3, 7),
(485, 4, 4),
(485, 5, 6),
(485, 6, 5),
(485, 8, 3),
(485, 7, 1),
(485, 9, 8),
(485, 10, 3),
(486, 1, 4),
(486, 2, 5),
(486, 3, 2),
(486, 4, 6),
(486, 5, 7),
(486, 6, 6),
(486, 8, 2),
(486, 7, 4),
(486, 9, 9),
(486, 10, 3),
(487, 1, 8),
(487, 2, 9),
(487, 3, 8),
(487, 4, 8),
(487, 5, 2),
(487, 6, 2),
(487, 8, 4),
(487, 7, 4),
(487, 9, 9),
(487, 10, 7),
(488, 1, 6),
(488, 2, 1),
(488, 3, 3),
(488, 4, 8),
(488, 5, 1),
(488, 6, 4),
(488, 8, 8),
(488, 7, 4),
(488, 9, 6),
(488, 10, 6),
(489, 1, 2),
(489, 2, 7),
(489, 3, 8),
(489, 4, 6),
(489, 5, 2),
(489, 6, 8),
(489, 8, 3),
(489, 7, 2),
(489, 9, 1),
(489, 10, 5),
(490, 1, 7),
(490, 2, 6),
(490, 3, 5),
(490, 4, 5),
(490, 5, 5),
(490, 6, 3),
(490, 8, 4),
(490, 7, 5),
(490, 9, 6),
(490, 10, 6),
(491, 1, 2),
(491, 2, 6),
(491, 3, 7),
(491, 4, 10),
(491, 5, 7),
(491, 6, 10),
(491, 8, 2),
(491, 7, 7),
(491, 9, 9),
(491, 10, 4),
(492, 1, 8),
(492, 2, 4),
(492, 3, 5),
(492, 4, 2),
(492, 5, 2),
(492, 6, 4),
(492, 8, 9),
(492, 7, 3),
(492, 9, 10),
(492, 10, 2),
(493, 1, 5),
(493, 2, 1),
(493, 3, 9),
(493, 4, 6),
(493, 5, 10),
(493, 6, 10),
(493, 8, 6),
(493, 7, 10),
(493, 9, 4),
(493, 10, 1),
(494, 1, 3),
(494, 2, 1),
(494, 3, 1),
(494, 4, 2),
(494, 5, 2),
(494, 6, 5),
(494, 8, 7),
(494, 7, 7),
(494, 9, 5),
(494, 10, 1),
(495, 1, 7),
(495, 2, 10),
(495, 3, 10),
(495, 4, 1),
(495, 5, 8),
(495, 6, 4),
(495, 8, 8),
(495, 7, 9),
(495, 9, 7),
(495, 10, 8),
(496, 1, 9),
(496, 2, 8),
(496, 3, 1),
(496, 4, 9),
(496, 5, 2),
(496, 6, 2),
(496, 8, 8),
(496, 7, 2),
(496, 9, 8),
(496, 10, 1),
(497, 1, 8),
(497, 2, 9),
(497, 3, 5),
(497, 4, 10),
(497, 5, 8),
(497, 6, 4),
(497, 8, 3),
(497, 7, 7),
(497, 9, 5),
(497, 10, 10),
(498, 1, 7),
(498, 2, 2),
(498, 3, 8),
(498, 4, 6),
(498, 5, 1),
(498, 6, 3),
(498, 8, 3),
(498, 7, 2),
(498, 9, 8),
(498, 10, 7),
(499, 1, 8),
(499, 2, 1),
(499, 3, 3),
(499, 4, 10),
(499, 5, 9),
(499, 6, 2),
(499, 8, 7),
(499, 7, 6),
(499, 9, 10),
(499, 10, 4),
(500, 1, 3),
(500, 2, 9),
(500, 3, 9),
(500, 4, 6),
(500, 5, 5),
(500, 6, 7),
(500, 8, 4),
(500, 7, 7),
(500, 9, 4),
(500, 10, 7),
(501, 1, 9),
(501, 2, 8),
(501, 3, 7),
(501, 4, 10),
(501, 5, 5),
(501, 6, 1),
(501, 8, 3),
(501, 7, 3),
(501, 9, 8),
(501, 10, 3),
(502, 1, 9),
(502, 2, 10),
(502, 3, 9),
(502, 4, 6),
(502, 5, 1),
(502, 6, 9),
(502, 8, 4),
(502, 7, 9),
(502, 9, 8),
(502, 10, 3),
(503, 1, 3),
(503, 2, 2),
(503, 3, 7),
(503, 4, 4),
(503, 5, 1),
(503, 6, 9),
(503, 8, 5),
(503, 7, 5),
(503, 9, 8),
(503, 10, 1),
(504, 1, 10),
(504, 2, 2),
(504, 3, 8),
(504, 4, 6),
(504, 5, 10),
(504, 6, 8),
(504, 8, 10),
(504, 7, 9),
(504, 9, 7),
(504, 10, 4),
(505, 1, 3),
(505, 2, 1),
(505, 3, 7),
(505, 4, 7),
(505, 5, 9),
(505, 6, 3),
(505, 8, 5),
(505, 7, 9),
(505, 9, 4),
(505, 10, 1),
(506, 1, 6),
(506, 2, 4),
(506, 3, 3),
(506, 4, 6),
(506, 5, 1),
(506, 6, 5),
(506, 8, 3),
(506, 7, 1),
(506, 9, 4),
(506, 10, 10),
(507, 1, 7),
(507, 2, 9),
(507, 3, 1),
(507, 4, 8),
(507, 5, 8),
(507, 6, 8),
(507, 8, 2),
(507, 7, 2),
(507, 9, 9),
(507, 10, 7),
(508, 1, 3),
(508, 2, 6),
(508, 3, 7),
(508, 4, 7),
(508, 5, 1),
(508, 6, 3),
(508, 8, 8),
(508, 7, 5),
(508, 9, 3),
(508, 10, 1),
(509, 1, 9),
(509, 2, 2),
(509, 3, 8),
(509, 4, 6),
(509, 5, 5),
(509, 6, 9),
(509, 8, 4),
(509, 7, 2),
(509, 9, 9),
(509, 10, 9),
(510, 1, 10),
(510, 2, 2),
(510, 3, 2),
(510, 4, 7),
(510, 5, 10),
(510, 6, 2),
(510, 8, 8),
(510, 7, 8),
(510, 9, 2),
(510, 10, 10),
(511, 1, 9),
(511, 2, 2),
(511, 3, 3),
(511, 4, 8),
(511, 5, 4),
(511, 6, 1),
(511, 8, 10),
(511, 7, 2),
(511, 9, 7),
(511, 10, 4),
(512, 1, 5),
(512, 2, 5),
(512, 3, 8),
(512, 4, 10),
(512, 5, 7),
(512, 6, 10),
(512, 8, 9),
(512, 7, 4),
(512, 9, 8),
(512, 10, 9),
(513, 1, 9),
(513, 2, 10),
(513, 3, 8),
(513, 4, 2),
(513, 5, 5),
(513, 6, 5),
(513, 8, 7),
(513, 7, 7),
(513, 9, 1),
(513, 10, 6),
(514, 1, 10),
(514, 2, 8),
(514, 3, 1),
(514, 4, 4),
(514, 5, 2),
(514, 6, 8),
(514, 8, 7),
(514, 7, 5),
(514, 9, 1),
(514, 10, 10),
(515, 1, 6),
(515, 2, 9),
(515, 3, 1),
(515, 4, 6),
(515, 5, 5),
(515, 6, 7),
(515, 8, 2),
(515, 7, 4),
(515, 9, 5),
(515, 10, 9),
(516, 1, 5),
(516, 2, 10),
(516, 3, 5),
(516, 4, 10),
(516, 5, 4),
(516, 6, 9),
(516, 8, 5),
(516, 7, 6),
(516, 9, 6),
(516, 10, 10),
(517, 1, 9),
(517, 2, 4),
(517, 3, 10),
(517, 4, 3),
(517, 5, 4),
(517, 6, 9),
(517, 8, 6),
(517, 7, 8),
(517, 9, 6),
(517, 10, 6),
(518, 1, 5),
(518, 2, 1),
(518, 3, 4),
(518, 4, 9),
(518, 5, 10),
(518, 6, 6),
(518, 8, 7),
(518, 7, 10),
(518, 9, 7),
(518, 10, 2),
(519, 1, 2),
(519, 2, 3),
(519, 3, 10),
(519, 4, 2),
(519, 5, 2),
(519, 6, 2),
(519, 8, 9),
(519, 7, 8),
(519, 9, 5),
(519, 10, 3),
(520, 1, 5),
(520, 2, 10),
(520, 3, 4),
(520, 4, 2),
(520, 5, 1),
(520, 6, 9),
(520, 8, 9),
(520, 7, 9),
(520, 9, 9),
(520, 10, 4),
(521, 1, 8),
(521, 2, 4),
(521, 3, 6),
(521, 4, 5),
(521, 5, 9),
(521, 6, 1),
(521, 8, 4),
(521, 7, 6),
(521, 9, 5),
(521, 10, 1),
(522, 1, 8),
(522, 2, 7),
(522, 3, 3),
(522, 4, 6),
(522, 5, 2),
(522, 6, 8),
(522, 8, 9),
(522, 7, 7),
(522, 9, 5),
(522, 10, 3),
(523, 1, 3),
(523, 2, 5),
(523, 3, 2),
(523, 4, 10),
(523, 5, 5),
(523, 6, 6),
(523, 8, 3),
(523, 7, 5),
(523, 9, 7),
(523, 10, 9),
(524, 1, 10),
(524, 2, 5),
(524, 3, 7),
(524, 4, 5),
(524, 5, 3),
(524, 6, 6),
(524, 8, 2),
(524, 7, 6),
(524, 9, 9),
(524, 10, 8),
(525, 1, 4),
(525, 2, 10),
(525, 3, 2),
(525, 4, 8),
(525, 5, 7),
(525, 6, 2),
(525, 8, 10),
(525, 7, 10),
(525, 9, 5),
(525, 10, 7),
(526, 1, 7),
(526, 2, 2),
(526, 3, 8),
(526, 4, 2),
(526, 5, 2),
(526, 6, 1),
(526, 8, 2),
(526, 7, 9),
(526, 9, 8),
(526, 10, 10),
(527, 1, 8),
(527, 2, 3),
(527, 3, 5),
(527, 4, 5),
(527, 5, 10),
(527, 6, 4),
(527, 8, 8),
(527, 7, 10),
(527, 9, 1),
(527, 10, 4),
(528, 1, 9),
(528, 2, 9),
(528, 3, 5),
(528, 4, 10),
(528, 5, 5),
(528, 6, 10),
(528, 8, 5),
(528, 7, 6),
(528, 9, 7),
(528, 10, 7),
(529, 1, 1),
(529, 2, 7),
(529, 3, 9),
(529, 4, 2),
(529, 5, 3),
(529, 6, 1),
(529, 8, 10),
(529, 7, 7),
(529, 9, 2),
(529, 10, 7),
(530, 1, 10),
(530, 2, 6),
(530, 3, 8),
(530, 4, 10),
(530, 5, 8),
(530, 6, 2),
(530, 8, 1),
(530, 7, 9),
(530, 9, 4),
(530, 10, 9),
(531, 1, 7),
(531, 2, 3),
(531, 3, 8),
(531, 4, 7),
(531, 5, 7),
(531, 6, 9),
(531, 8, 9),
(531, 7, 1),
(531, 9, 3),
(531, 10, 2),
(532, 1, 6),
(532, 2, 8),
(532, 3, 8),
(532, 4, 5),
(532, 5, 9),
(532, 6, 3),
(532, 8, 9),
(532, 7, 9),
(532, 9, 3),
(532, 10, 1),
(533, 1, 10),
(533, 2, 6),
(533, 3, 5),
(533, 4, 8),
(533, 5, 3),
(533, 6, 10),
(533, 8, 2),
(533, 7, 6),
(533, 9, 6),
(533, 10, 4),
(534, 1, 5),
(534, 2, 6),
(534, 3, 1),
(534, 4, 7),
(534, 5, 1),
(534, 6, 8),
(534, 8, 9),
(534, 7, 7),
(534, 9, 2),
(534, 10, 7),
(535, 1, 1),
(535, 2, 3),
(535, 3, 10),
(535, 4, 7),
(535, 5, 3),
(535, 6, 3),
(535, 8, 7),
(535, 7, 9),
(535, 9, 3),
(535, 10, 9),
(536, 1, 5),
(536, 2, 6),
(536, 3, 2),
(536, 4, 1),
(536, 5, 6),
(536, 6, 6),
(536, 8, 6),
(536, 7, 1),
(536, 9, 7),
(536, 10, 10),
(537, 1, 2),
(537, 2, 8),
(537, 3, 1),
(537, 4, 3),
(537, 5, 3),
(537, 6, 9),
(537, 8, 3),
(537, 7, 1),
(537, 9, 3),
(537, 10, 2),
(538, 1, 6),
(538, 2, 9),
(538, 3, 10),
(538, 4, 8),
(538, 5, 6),
(538, 6, 1),
(538, 8, 1),
(538, 7, 6),
(538, 9, 1),
(538, 10, 4),
(539, 1, 4),
(539, 2, 6),
(539, 3, 4),
(539, 4, 2),
(539, 5, 8),
(539, 6, 6),
(539, 8, 7),
(539, 7, 9),
(539, 9, 1),
(539, 10, 6),
(540, 1, 1),
(540, 2, 9),
(540, 3, 1),
(540, 4, 2),
(540, 5, 7),
(540, 6, 4),
(540, 8, 6),
(540, 7, 3),
(540, 9, 4),
(540, 10, 6),
(541, 1, 6),
(541, 2, 4),
(541, 3, 7),
(541, 4, 9),
(541, 5, 10),
(541, 6, 4),
(541, 8, 2),
(541, 7, 2),
(541, 9, 1),
(541, 10, 2),
(542, 1, 7),
(542, 2, 8),
(542, 3, 5),
(542, 4, 8),
(542, 5, 7),
(542, 6, 7),
(542, 8, 5),
(542, 7, 7),
(542, 9, 1),
(542, 10, 8),
(543, 1, 2),
(543, 2, 3),
(543, 3, 2),
(543, 4, 5),
(543, 5, 5),
(543, 6, 8),
(543, 8, 1),
(543, 7, 1),
(543, 9, 1),
(543, 10, 6),
(544, 1, 5),
(544, 2, 5),
(544, 3, 6),
(544, 4, 9),
(544, 5, 10),
(544, 6, 1),
(544, 8, 4),
(544, 7, 8),
(544, 9, 6),
(544, 10, 9),
(545, 1, 9),
(545, 2, 4),
(545, 3, 8),
(545, 4, 8),
(545, 5, 4),
(545, 6, 9),
(545, 8, 5),
(545, 7, 6),
(545, 9, 9),
(545, 10, 7),
(546, 1, 7),
(546, 2, 1),
(546, 3, 7),
(546, 4, 8),
(546, 5, 10),
(546, 6, 10),
(546, 8, 10),
(546, 7, 1),
(546, 9, 1),
(546, 10, 10),
(547, 1, 5),
(547, 2, 6),
(547, 3, 1),
(547, 4, 5),
(547, 5, 2),
(547, 6, 6),
(547, 8, 9),
(547, 7, 2),
(547, 9, 8),
(547, 10, 3),
(548, 1, 1),
(548, 2, 8),
(548, 3, 9),
(548, 4, 8),
(548, 5, 2),
(548, 6, 7),
(548, 8, 5),
(548, 7, 3),
(548, 9, 7),
(548, 10, 3),
(549, 1, 1),
(549, 2, 2),
(549, 3, 3),
(549, 4, 8),
(549, 5, 4),
(549, 6, 7),
(549, 8, 5),
(549, 7, 5),
(549, 9, 9),
(549, 10, 8),
(550, 1, 10),
(550, 2, 3),
(550, 3, 8),
(550, 4, 6),
(550, 5, 6),
(550, 6, 7),
(550, 8, 4),
(550, 7, 1),
(550, 9, 10),
(550, 10, 3),
(551, 1, 9),
(551, 2, 4),
(551, 3, 7),
(551, 4, 7),
(551, 5, 2),
(551, 6, 2),
(551, 8, 6),
(551, 7, 5),
(551, 9, 3),
(551, 10, 5),
(552, 1, 10),
(552, 2, 9),
(552, 3, 6),
(552, 4, 8),
(552, 5, 8),
(552, 6, 3),
(552, 8, 8),
(552, 7, 8),
(552, 9, 10),
(552, 10, 10),
(553, 1, 7),
(553, 2, 1),
(553, 3, 9),
(553, 4, 5),
(553, 5, 7),
(553, 6, 2),
(553, 8, 10),
(553, 7, 8),
(553, 9, 6),
(553, 10, 2),
(554, 1, 2),
(554, 2, 10),
(554, 3, 7),
(554, 4, 3),
(554, 5, 4),
(554, 6, 4),
(554, 8, 6),
(554, 7, 2),
(554, 9, 2),
(554, 10, 9),
(555, 1, 10),
(555, 2, 3),
(555, 3, 7),
(555, 4, 8),
(555, 5, 5),
(555, 6, 5),
(555, 8, 5),
(555, 7, 6),
(555, 9, 2),
(555, 10, 1),
(556, 1, 3),
(556, 2, 5),
(556, 3, 8),
(556, 4, 10),
(556, 5, 7),
(556, 6, 4),
(556, 8, 7),
(556, 7, 5),
(556, 9, 6),
(556, 10, 2),
(557, 1, 10),
(557, 2, 5),
(557, 3, 3),
(557, 4, 7),
(557, 5, 7),
(557, 6, 5),
(557, 8, 2),
(557, 7, 2),
(557, 9, 9),
(557, 10, 9),
(558, 1, 4),
(558, 2, 8),
(558, 3, 6),
(558, 4, 1),
(558, 5, 4),
(558, 6, 5),
(558, 8, 6),
(558, 7, 7),
(558, 9, 1),
(558, 10, 9),
(559, 1, 6),
(559, 2, 8),
(559, 3, 5),
(559, 4, 6),
(559, 5, 7),
(559, 6, 4),
(559, 8, 1),
(559, 7, 4),
(559, 9, 4),
(559, 10, 5),
(560, 1, 10),
(560, 2, 5),
(560, 3, 9),
(560, 4, 3),
(560, 5, 6),
(560, 6, 1),
(560, 8, 9),
(560, 7, 5),
(560, 9, 1),
(560, 10, 4),
(561, 1, 1),
(561, 2, 2),
(561, 3, 10),
(561, 4, 1),
(561, 5, 5),
(561, 6, 6),
(561, 8, 3),
(561, 7, 3),
(561, 9, 7),
(561, 10, 6),
(562, 1, 4),
(562, 2, 9),
(562, 3, 6),
(562, 4, 2),
(562, 5, 4),
(562, 6, 10),
(562, 8, 5),
(562, 7, 9),
(562, 9, 5),
(562, 10, 8),
(563, 1, 2),
(563, 2, 1),
(563, 3, 9),
(563, 4, 1),
(563, 5, 3),
(563, 6, 6),
(563, 8, 1),
(563, 7, 9),
(563, 9, 9),
(563, 10, 10),
(564, 1, 7),
(564, 2, 3),
(564, 3, 2),
(564, 4, 2),
(564, 5, 2),
(564, 6, 3),
(564, 8, 2),
(564, 7, 7),
(564, 9, 2),
(564, 10, 6),
(565, 1, 2),
(565, 2, 10),
(565, 3, 8),
(565, 4, 9),
(565, 5, 9),
(565, 6, 7),
(565, 8, 9),
(565, 7, 8),
(565, 9, 10),
(565, 10, 6),
(566, 1, 1),
(566, 2, 5),
(566, 3, 3),
(566, 4, 10),
(566, 5, 10),
(566, 6, 2),
(566, 8, 1),
(566, 7, 6),
(566, 9, 6),
(566, 10, 8),
(567, 1, 3),
(567, 2, 3),
(567, 3, 2),
(567, 4, 7),
(567, 5, 2),
(567, 6, 9),
(567, 8, 1),
(567, 7, 7),
(567, 9, 6),
(567, 10, 10),
(568, 1, 3),
(568, 2, 8),
(568, 3, 2),
(568, 4, 8),
(568, 5, 5),
(568, 6, 5),
(568, 8, 4),
(568, 7, 7),
(568, 9, 2),
(568, 10, 5),
(569, 1, 5),
(569, 2, 1),
(569, 3, 6),
(569, 4, 9),
(569, 5, 6),
(569, 6, 4),
(569, 8, 7),
(569, 7, 10),
(569, 9, 3),
(569, 10, 2),
(570, 1, 3),
(570, 2, 2),
(570, 3, 2),
(570, 4, 2),
(570, 5, 10),
(570, 6, 9),
(570, 8, 3),
(570, 7, 7),
(570, 9, 1),
(570, 10, 5),
(571, 1, 2),
(571, 2, 8),
(571, 3, 10),
(571, 4, 1),
(571, 5, 9),
(571, 6, 3),
(571, 8, 9),
(571, 7, 6),
(571, 9, 6),
(571, 10, 2),
(572, 1, 8),
(572, 2, 9),
(572, 3, 10),
(572, 4, 9),
(572, 5, 3),
(572, 6, 3),
(572, 8, 7),
(572, 7, 5),
(572, 9, 8),
(572, 10, 9),
(573, 1, 3),
(573, 2, 8),
(573, 3, 4),
(573, 4, 5),
(573, 5, 8),
(573, 6, 7),
(573, 8, 3),
(573, 7, 7),
(573, 9, 9),
(573, 10, 9),
(574, 1, 5),
(574, 2, 2),
(574, 3, 8),
(574, 4, 4),
(574, 5, 3),
(574, 6, 10),
(574, 8, 3),
(574, 7, 5),
(574, 9, 3),
(574, 10, 10),
(575, 1, 10),
(575, 2, 10),
(575, 3, 1),
(575, 4, 5),
(575, 5, 6),
(575, 6, 9),
(575, 8, 3),
(575, 7, 7),
(575, 9, 9),
(575, 10, 8),
(576, 1, 2),
(576, 2, 6),
(576, 3, 6),
(576, 4, 1),
(576, 5, 3),
(576, 6, 4),
(576, 8, 8),
(576, 7, 9),
(576, 9, 9),
(576, 10, 5),
(577, 1, 4),
(577, 2, 10),
(577, 3, 1),
(577, 4, 7),
(577, 5, 9),
(577, 6, 4),
(577, 8, 4),
(577, 7, 5),
(577, 9, 5),
(577, 10, 9),
(578, 1, 5),
(578, 2, 4),
(578, 3, 1),
(578, 4, 1),
(578, 5, 10),
(578, 6, 7),
(578, 8, 9),
(578, 7, 8),
(578, 9, 8),
(578, 10, 4),
(579, 1, 9),
(579, 2, 5),
(579, 3, 1),
(579, 4, 2),
(579, 5, 10),
(579, 6, 1),
(579, 8, 5),
(579, 7, 1),
(579, 9, 8),
(579, 10, 7),
(580, 1, 7),
(580, 2, 5),
(580, 3, 8),
(580, 4, 2),
(580, 5, 3),
(580, 6, 4),
(580, 8, 9),
(580, 7, 10),
(580, 9, 8),
(580, 10, 3),
(581, 1, 3),
(581, 2, 1),
(581, 3, 6),
(581, 4, 8),
(581, 5, 5),
(581, 6, 10),
(581, 8, 8),
(581, 7, 6),
(581, 9, 4),
(581, 10, 1),
(582, 1, 10),
(582, 2, 7),
(582, 3, 1),
(582, 4, 5),
(582, 5, 4),
(582, 6, 4),
(582, 8, 8),
(582, 7, 10),
(582, 9, 9),
(582, 10, 5),
(583, 1, 8),
(583, 2, 4),
(583, 3, 4),
(583, 4, 5),
(583, 5, 1),
(583, 6, 1),
(583, 8, 3),
(583, 7, 6),
(583, 9, 4),
(583, 10, 2),
(584, 1, 9),
(584, 2, 3),
(584, 3, 2),
(584, 4, 5),
(584, 5, 1),
(584, 6, 6),
(584, 8, 7),
(584, 7, 1),
(584, 9, 4),
(584, 10, 8),
(585, 1, 4),
(585, 2, 8),
(585, 3, 3),
(585, 4, 8),
(585, 5, 1),
(585, 6, 8),
(585, 8, 10),
(585, 7, 1),
(585, 9, 9),
(585, 10, 7),
(586, 1, 4),
(586, 2, 9),
(586, 3, 3),
(586, 4, 5),
(586, 5, 7),
(586, 6, 9),
(586, 8, 6),
(586, 7, 8),
(586, 9, 3),
(586, 10, 3),
(587, 1, 9),
(587, 2, 3),
(587, 3, 9),
(587, 4, 7),
(587, 5, 3),
(587, 6, 9),
(587, 8, 1),
(587, 7, 2),
(587, 9, 7),
(587, 10, 2),
(588, 1, 3),
(588, 2, 6),
(588, 3, 2),
(588, 4, 4),
(588, 5, 1),
(588, 6, 8),
(588, 8, 5),
(588, 7, 4),
(588, 9, 5),
(588, 10, 6),
(589, 1, 3),
(589, 2, 9),
(589, 3, 3),
(589, 4, 7),
(589, 5, 6),
(589, 6, 1),
(589, 8, 3),
(589, 7, 7),
(589, 9, 9),
(589, 10, 10),
(590, 1, 9),
(590, 2, 9),
(590, 3, 7),
(590, 4, 4),
(590, 5, 8),
(590, 6, 7),
(590, 8, 1),
(590, 7, 2),
(590, 9, 5),
(590, 10, 5),
(591, 1, 8),
(591, 2, 4),
(591, 3, 9),
(591, 4, 1),
(591, 5, 9),
(591, 6, 6),
(591, 8, 10),
(591, 7, 7),
(591, 9, 8),
(591, 10, 1);

-- --------------------------------------------------------

--
-- Table structure for table `members`
--

CREATE TABLE `members` (
  `ID` int(4) UNSIGNED NOT NULL,
  `firstName` varchar(15) NOT NULL,
  `lastName` varchar(15) NOT NULL,
  `streetAddress` varchar(25) NOT NULL,
  `suburbID` int(2) UNSIGNED NOT NULL,
  `fatherInitial` varchar(1) NOT NULL,
  `motherInitial` varchar(1) NOT NULL,
  `telephone` varchar(12) NOT NULL,
  `grade` set('Senior','Intermediate','Junior') NOT NULL,
  `dateOfBirth` date NOT NULL,
  `annualFee` int(3) UNSIGNED NOT NULL,
  `amountPaid` float UNSIGNED NOT NULL DEFAULT '0',
  `datePaid` date DEFAULT NULL,
  `hasPaid` tinyint(1) NOT NULL DEFAULT '0'
) ENGINE=InnoDB DEFAULT CHARSET=latin1;

--
-- Dumping data for table `members`
--

INSERT INTO `members` (`ID`, `firstName`, `lastName`, `streetAddress`, `suburbID`, `fatherInitial`, `motherInitial`, `telephone`, `grade`, `dateOfBirth`, `annualFee`, `amountPaid`, `datePaid`, `hasPaid`) VALUES
(1, 'Karon', 'Bolivar', '157 Lake Road', 4, 'E', 'N', '(09)5876-172', 'Senior', '2003-03-10', 350, 350, '2012-03-19', 1),
(2, 'Albert', 'Ansari', '358 Huka Road', 4, 'E', 'P', '(09)6844-574', 'Intermediate', '2004-06-15', 300, 300, '2012-02-16', 1),
(3, 'Mercy', 'Brinkerhoff', '485 Robbs Road', 8, 'D', 'J', '(09)5590-615', 'Junior', '2005-06-25', 250, 250, '2012-02-06', 1),
(4, 'Josh', 'Eby', '144 New Lake Road', 8, 'J', 'B', '(09)8720-829', 'Junior', '2004-11-23', 250, 250, '2012-02-06', 1),
(5, 'Clarence', 'Degree', '297 Beach Avenue', 9, 'J', 'N', '(09)5918-102', 'Junior', '2006-03-06', 250, 250, '2012-02-09', 1),
(6, 'Winfred', 'Espino', '145 Grahame Street', 7, 'H', 'P', '(09)4520-799', 'Intermediate', '2003-12-05', 300, 0, NULL, 0),
(7, 'Dorothy', 'Arceneaux', '182 King Edward Parade', 7, 'D', 'P', '(09)1367-381', 'Senior', '2003-01-13', 350, 350, '2012-03-12', 1),
(8, 'Jai', 'Allums', '89 Nile Road', 9, 'J', 'D', '(09)4822-484', 'Senior', '2000-06-17', 350, 350, '2012-03-24', 1),
(9, 'Gene', 'Drumheller', '142 Mount Victoria', 7, 'I', 'G', '(09)5624-849', 'Junior', '2004-12-04', 250, 250, '2012-03-05', 1),
(10, 'Todd', 'Dorado', '222 Lauderdale Street', 3, 'A', 'I', '(09)1722-964', 'Senior', '2003-06-16', 350, 0, NULL, 0),
(11, 'Rec', 'Albury', '294 Rutherford Terrace', 9, 'C', 'C', '(09)2419-418', 'Senior', '2000-07-22', 350, 350, '2012-02-19', 1),
(12, 'Russel', 'Eldredge', '253 Alfred Street', 8, 'K', 'F', '(09)3975-184', 'Intermediate', '2004-07-02', 300, 300, '2012-01-10', 1),
(13, 'Trinity', 'Carrizales', '403 Langstone Place', 5, 'I', 'P', '(09)5690-684', 'Junior', '2004-10-10', 250, 0, NULL, 0),
(14, 'Oda', 'Dave', '94 Seacliffe Avenue', 9, 'G', 'G', '(09)1461-767', 'Senior', '2003-01-13', 350, 350, '2012-03-08', 1),
(15, 'Gabriela', 'Bearce', '193 Akoranga Drive', 8, 'B', 'C', '(09)8084-396', 'Junior', '2005-03-30', 250, 250, '2012-02-08', 1),
(16, 'Janice', 'Arner', '41 Maleme Avenue', 2, 'O', 'A', '(09)2916-570', 'Senior', '2001-08-12', 350, 350, '2012-02-20', 1),
(17, 'Sergio', 'Dunkelberger', '277 Kelly Avenue', 9, 'J', 'D', '(09)6016-996', 'Senior', '2001-03-12', 350, 350, '2012-02-17', 1),
(18, 'Nanette', 'Beran', '227 Birchfield Road', 9, 'N', 'H', '(09)3665-099', 'Intermediate', '2004-09-02', 300, 300, '2012-02-19', 1),
(19, 'Jena', 'Blakes', '389 Regina Strand ', 7, 'G', 'A', '(09)4056-835', 'Senior', '2002-05-07', 350, 350, '2012-01-03', 1),
(20, 'Wilhelmina', 'Blakely', '413 Dallinghoe Crescent', 9, 'D', 'G', '(09)5471-366', 'Senior', '2002-02-08', 350, 0, NULL, 0),
(21, 'Belia', 'Caroll', '325 Mahara Avenue', 4, 'P', 'K', '(09)4918-732', 'Junior', '2005-04-24', 250, 250, '2012-02-28', 1),
(22, 'Estefana', 'Desantis', '242 Sunny Haven Avenue', 3, 'G', 'L', '(09)1218-808', 'Senior', '2000-07-18', 350, 350, '2012-02-25', 1),
(23, 'Korey', 'Flack', '241 Callans\' Road', 8, 'F', 'M', '(09)9091-497', 'Senior', '2003-04-11', 350, 350, '2012-03-07', 1),
(24, 'Cory', 'Abramowitz', '27 Regent Street', 7, 'O', 'D', '(09)8727-064', 'Senior', '2003-05-19', 350, 350, '2012-02-28', 1),
(25, 'Royce', 'Corea', '170 Russell Street', 7, 'K', 'O', '(09)5088-799', 'Senior', '2003-04-15', 350, 350, '2012-01-10', 1),
(26, 'Teresa', 'Armes', '284 Beswick Place', 3, 'J', 'M', '(09)2205-739', 'Senior', '2003-05-01', 350, 0, NULL, 0),
(27, 'Stephen', 'Chafin', '367 Alamein Avenue', 2, 'C', 'J', '(09)3083-833', 'Senior', '2002-01-30', 350, 0, NULL, 0),
(28, 'Julianna', 'Bologna', '56 Huia Street', 7, 'J', 'B', '(09)6897-841', 'Senior', '2003-06-27', 350, 350, '2012-03-07', 1),
(29, 'Iva', 'Batty', '470 Palmerston Road', 4, 'E', 'P', '(09)7634-109', 'Senior', '2000-09-03', 350, 350, '2012-02-05', 1),
(30, 'Maryanne', 'Bergin', '27 Enterprise Street', 4, 'F', 'N', '(09)1739-156', 'Junior', '2005-01-13', 250, 250, '2012-03-14', 1),
(31, 'Rasheeda', 'Coldwell', '105 Denby Lane', 8, 'H', 'L', '(09)8484-567', 'Junior', '2005-01-12', 250, 250, '2012-01-13', 1),
(32, 'Tyler', 'Charlebois', '300 North Head Road', 7, 'D', 'C', '(09)6476-240', 'Senior', '2002-08-13', 350, 0, NULL, 0),
(33, 'Casimira', 'Demaree', '53 Montgomery Avenue', 2, 'K', 'K', '(09)4428-130', 'Senior', '2000-07-18', 350, 350, '2012-01-10', 1),
(34, 'Shantay', 'Dallas', '396 Penning Road', 9, 'F', 'N', '(09)3079-327', 'Senior', '2003-03-29', 350, 350, '2012-02-18', 1),
(35, 'Stephine', 'Bucci', '473 Stanley Point Road', 7, 'N', 'G', '(09)1797-944', 'Senior', '2000-12-03', 350, 0, NULL, 0),
(36, 'Randolph', 'Dyke', '23 Auburn Street', 9, 'G', 'D', '(09)8496-988', 'Junior', '2005-03-21', 250, 250, '2012-02-26', 1),
(37, 'Kimberli', 'Cadet', '76 Hastings Parade', 7, 'I', 'D', '(09)4493-659', 'Junior', '2005-03-13', 250, 250, '2012-02-28', 1),
(38, 'Trinh', 'Coomes', '211 Creamer Avenue', 9, 'O', 'M', '(09)7575-480', 'Junior', '2004-12-23', 250, 0, NULL, 0),
(39, 'Morgan', 'Baumann', '347 Flaxdale Street', 3, 'M', 'K', '(09)5959-933', 'Junior', '2005-05-25', 250, 250, '2012-01-17', 1),
(40, 'Britany', 'Carbajal', '139 Middleton Street', 4, 'J', 'O', '(09)2953-347', 'Senior', '2001-02-11', 350, 350, '2012-02-06', 1),
(41, 'Linn', 'Cuff', '497 Rata Road', 7, 'J', 'G', '(09)2298-633', 'Senior', '2001-04-21', 350, 350, '2012-03-16', 1),
(42, 'Tracie', 'Bath', '302 North Avenue', 7, 'M', 'A', '(09)1804-306', 'Senior', '2001-11-21', 350, 0, NULL, 0),
(43, 'Bebe', 'Demasi', '416 Northcote Road', 4, 'O', 'M', '(09)5515-689', 'Senior', '2001-04-24', 350, 350, '2012-02-28', 1),
(44, 'Rolando', 'Eddington', '160 Onetaunga Road', 4, 'L', 'K', '(09)8541-199', 'Senior', '2000-08-13', 350, 350, '2012-02-23', 1),
(45, 'Marnie', 'Boykins', '119 Dock Street', 7, 'N', 'M', '(09)3310-694', 'Junior', '2004-10-18', 250, 250, '2012-03-03', 1),
(46, 'Karen', 'Archer', '104 Tahapara Street', 9, 'J', 'F', '(09)6189-296', 'Junior', '2005-12-25', 250, 250, '2012-01-10', 1),
(47, 'Yuonne', 'Deas', '440 Anne Street', 7, 'C', 'F', '(09)8541-983', 'Intermediate', '2004-05-22', 300, 0, NULL, 0),
(48, 'Jarred', 'Faulkner', '231 Ngaio Street', 9, 'G', 'L', '(09)5498-691', 'Senior', '2000-05-10', 350, 350, '2012-02-12', 1),
(49, 'Gema', 'Diroff', '166 Brook Street', 9, 'I', 'L', '(09)4115-435', 'Senior', '2000-06-25', 350, 350, '2012-03-18', 1),
(50, 'Shane', 'Cantu', '359 Prospect Terrace', 9, 'G', 'B', '(09)2137-264', 'Junior', '2006-03-11', 250, 250, '2012-03-23', 1),
(51, 'Janeth', 'Casper', '161 Diomede Street', 1, 'D', 'O', '(09)7605-647', 'Senior', '2002-01-14', 350, 350, '2012-02-06', 1),
(52, 'Aurea', 'Buhr', '494 Glendower Street', 7, 'D', 'J', '(09)6840-144', 'Intermediate', '2004-04-27', 300, 300, '2012-01-28', 1),
(53, 'Lida', 'Branum', '192 Church Street', 8, 'K', 'C', '(09)3255-120', 'Junior', '2005-06-02', 250, 250, '2012-01-20', 1),
(54, 'Cinthia', 'Braun', '227 King Street', 8, 'G', 'H', '(09)9056-905', 'Junior', '2005-04-15', 250, 250, '2012-02-14', 1),
(55, 'Carroll', 'Easterday', '296 Kiwi Road', 7, 'M', 'I', '(09)3975-315', 'Intermediate', '2004-01-11', 300, 300, '2012-01-16', 1),
(56, 'Maudie', 'Blakney', '404 Victoria Avenue', 7, 'P', 'H', '(09)7640-821', 'Intermediate', '2004-07-30', 300, 300, '2012-01-28', 1),
(57, 'Ruthanne', 'Creel', '298 Wicklow Road', 7, 'L', 'G', '(09)1907-032', 'Senior', '2002-09-08', 350, 350, '2012-03-12', 1),
(58, 'Audry', 'Brinton', '436 Dominion Street', 9, 'F', 'J', '(09)2577-028', 'Senior', '2000-10-24', 350, 350, '2012-02-22', 1),
(59, 'Mildred', 'Arms', '306 Owens Road', 7, 'J', 'E', '(09)5945-856', 'Junior', '2004-10-10', 250, 250, '2012-03-24', 1),
(60, 'Jefferey', 'Fenderson', '35 Weymouth Street', 4, 'G', 'J', '(09)6802-962', 'Intermediate', '2004-02-21', 300, 300, '2012-03-22', 1),
(61, 'Trudy', 'Baxley', '200 Victoria Road', 7, 'M', 'O', '(09)5698-138', 'Junior', '2005-10-27', 250, 0, NULL, 0),
(62, 'August', 'Elder', '496 Howard Road', 8, 'G', 'D', '(09)3309-301', 'Senior', '2002-08-12', 350, 350, '2012-02-07', 1),
(63, 'Santiago', 'Eckert', '92 Main Road', 9, 'G', 'E', '(09)8071-552', 'Junior', '2005-10-27', 250, 250, '2012-02-14', 1),
(64, 'Marvella', 'Damico', '315 Bay Road', 8, 'N', 'P', '(09)3102-193', 'Senior', '2002-02-25', 350, 350, '2012-03-24', 1),
(65, 'Yasmine', 'Corp', '264 Coronation Avenue', 9, 'M', 'A', '(09)2408-495', 'Senior', '2000-09-26', 350, 0, NULL, 0),
(66, 'Swapna', 'Almon', '19 Bruce Street', 7, 'I', 'M', '(09)8434-276', 'Senior', '2003-02-07', 350, 0, NULL, 0),
(67, 'Efrain', 'Eichelberger', '182 Saint Leonard\'s Road', 7, 'M', 'A', '(09)1934-217', 'Senior', '2003-05-31', 350, 350, '2012-03-19', 1),
(68, 'Felton', 'Fincham', '418 Marsden Street', 9, 'O', 'I', '(09)3943-404', 'Intermediate', '2004-08-24', 300, 300, '2012-01-11', 1),
(69, 'Danille', 'Conyers', '266 Beaconsfield Street', 7, 'E', 'G', '(09)3417-385', 'Junior', '2005-04-13', 250, 250, '2012-01-01', 1),
(70, 'Shamika', 'Breit', '389 Waterloo Road', 9, 'H', 'M', '(09)1990-470', 'Junior', '2005-08-31', 250, 250, '2012-03-12', 1),
(71, 'Darnell', 'Carlisle', '309 Devonport Road', 7, 'N', 'A', '(09)1343-201', 'Senior', '2001-12-06', 350, 350, '2012-01-15', 1),
(72, 'Sook', 'Chagnon', '257 Clifton Road', 9, 'A', 'N', '(09)2402-631', 'Senior', '2002-10-17', 350, 0, NULL, 0),
(73, 'Nellie', 'Baade', '267 Harbour Road', 9, 'I', 'O', '(09)8019-860', 'Senior', '2001-10-12', 350, 350, '2012-03-11', 1),
(74, 'Jeanetta', 'Brand', '189 Kahika Road', 4, 'G', 'F', '(09)5779-383', 'Senior', '2002-10-03', 350, 350, '2012-01-26', 1),
(75, 'Leila', 'Beesley', '81 Northumberland Avenue', 9, 'A', 'H', '(09)9078-270', 'Intermediate', '2004-07-14', 300, 300, '2012-02-09', 1),
(76, 'Lillian', 'Arterburn', '373 Havelock Street', 4, 'L', 'F', '(09)6194-130', 'Senior', '2002-10-09', 350, 350, '2012-03-08', 1),
(77, 'Jeannie', 'Barrington', '201 Albert Road', 7, 'I', 'D', '(09)3549-664', 'Intermediate', '2004-05-30', 300, 300, '2012-02-06', 1),
(78, 'Jordon', 'Fike', '329 Wairau Road', 9, 'L', 'M', '(09)5789-360', 'Junior', '2005-05-15', 250, 250, '2012-02-06', 1),
(79, 'Lilian', 'Bergerson', '284 Hemi Street', 7, 'C', 'B', '(09)6453-430', 'Senior', '2000-06-28', 350, 350, '2012-03-09', 1),
(80, 'Sarita', 'Broadbent', '268 Aplin Place', 3, 'C', 'G', '(09)7924-631', 'Junior', '2005-11-11', 250, 250, '2012-01-05', 1),
(81, 'Malcom', 'Fix', '342 Sunnybrae Road', 9, 'B', 'B', '(09)5693-532', 'Intermediate', '2004-01-17', 300, 300, '2012-01-27', 1),
(82, 'Billy', 'Bowling', '284 William Street', 9, 'B', 'I', '(09)5906-962', 'Senior', '2001-11-11', 350, 350, '2012-01-06', 1),
(83, 'Rosendo', 'Farrand', '295 Balmain Road', 4, 'C', 'J', '(09)4122-291', 'Senior', '2000-10-28', 350, 350, '2012-01-29', 1),
(84, 'Amelia', 'Ballantyne', '86 Cresta Avenue', 4, 'M', 'C', '(09)3033-236', 'Senior', '2001-03-22', 350, 350, '2012-02-22', 1),
(85, 'Rosenda', 'Dills', '4 Durham Street', 4, 'D', 'L', '(09)1184-463', 'Junior', '2005-11-03', 250, 250, '2012-03-07', 1),
(86, 'Thanh', 'Feely', '352 Clarence Street', 9, 'I', 'C', '(09)4815-177', 'Senior', '2003-04-13', 350, 0, NULL, 0),
(87, 'Tomeka', 'Bridgewater', '258 Hurstmere Road', 9, 'D', 'O', '(09)6301-617', 'Intermediate', '2004-08-23', 300, 0, NULL, 0),
(88, 'Lavina', 'Branch', '483 Nelson Avenue', 8, 'F', 'F', '(09)4258-216', 'Senior', '2003-04-16', 350, 350, '2012-01-04', 1),
(89, 'William', 'Alvardo', '184 Tudor Street', 7, 'P', 'C', '(09)8996-800', 'Intermediate', '2004-09-06', 300, 0, NULL, 0),
(90, 'Lore', 'Cesar', '39 Grenville Road', 8, 'N', 'G', '(09)5507-052', 'Intermediate', '2004-05-03', 300, 300, '2012-03-03', 1),
(91, 'Zofia', 'Chan', '153 Esmonde Road', 9, 'N', 'P', '(09)8467-799', 'Senior', '2003-06-26', 350, 0, NULL, 0),
(92, 'Erinn', 'Collins', '385 Landsdowne Street', 9, 'M', 'D', '(09)7316-420', 'Senior', '2002-12-14', 350, 350, '2012-03-01', 1),
(93, 'Gerri', 'Bourassa', '176 Cow Lane', 7, 'G', 'E', '(09)8116-221', 'Senior', '2003-08-13', 350, 350, '2012-03-22', 1),
(94, 'Denae', 'Danner', '472 Queen Street', 7, 'O', 'L', '(09)4748-636', 'Senior', '2002-02-03', 350, 350, '2012-01-09', 1),
(95, 'Katherine', 'Armstead', '455 Lake Road', 9, 'H', 'E', '(09)7392-641', 'Senior', '2002-11-18', 350, 350, '2012-02-08', 1),
(96, 'Paulita', 'Deckard', '159 Domain Road', 4, 'F', 'P', '(09)5698-320', 'Senior', '2001-04-19', 350, 350, '2012-01-04', 1),
(97, 'Fran', 'Bermudes', '332 Pax Avenue', 8, 'E', 'I', '(09)8811-372', 'Senior', '2002-11-09', 350, 350, '2012-01-17', 1),
(98, 'Sunshine', 'Burbach', '108 Diana Drive', 8, 'D', 'N', '(09)6316-442', 'Junior', '2005-08-10', 250, 0, NULL, 0),
(99, 'Cody', 'Carolan', '292 Tui Street', 7, 'N', 'E', '(09)6005-020', 'Senior', '2000-04-07', 350, 350, '2012-03-13', 1),
(100, 'Shaun', 'Charney', '173 Waipa Street', 4, 'F', 'I', '(09)4313-263', 'Senior', '2001-09-08', 350, 0, NULL, 0),
(101, 'Brigette', 'Braden', '174 Mavis Place', 3, 'A', 'M', '(09)1939-724', 'Senior', '2001-06-30', 350, 350, '2012-01-14', 1),
(102, 'Katina', 'Bibler', '323 Paris Place', 4, 'H', 'A', '(09)2406-334', 'Senior', '2000-10-11', 350, 350, '2012-02-22', 1),
(103, 'Dusty', 'Fabry', '262 Shakespeare Road', 9, 'L', 'C', '(09)6481-539', 'Senior', '2001-04-14', 350, 350, '2012-01-19', 1),
(104, 'Stanley', 'Dortch', '468 Valley Road', 8, 'A', 'I', '(09)8708-587', 'Senior', '2002-07-10', 350, 0, NULL, 0),
(105, 'Bula', 'Dietrick', '1 Audrey Road', 9, 'J', 'M', '(09)7088-551', 'Senior', '2003-08-14', 350, 350, '2012-01-30', 1),
(106, 'Carmelo', 'Eriksen', '461 Alison Avenue', 9, 'G', 'G', '(09)2399-711', 'Junior', '2005-02-07', 250, 250, '2012-02-16', 1),
(107, 'Kizzie', 'Cutshaw', '350 Ngataringa Road', 7, 'K', 'C', '(09)8210-643', 'Senior', '2003-06-24', 350, 350, '2012-01-09', 1),
(108, 'Jazmine', 'Carreiro', '210 Huntley Road', 9, 'L', 'O', '(09)4219-172', 'Senior', '2003-02-14', 350, 350, '2012-02-25', 1),
(109, 'Kasie', 'Clausing', '6 Marama Terrace', 4, 'D', 'I', '(09)2700-094', 'Junior', '2005-06-02', 250, 250, '2012-02-05', 1),
(110, 'Tiana', 'Boothe', '282 White\'s Hill', 9, 'O', 'E', '(09)3243-637', 'Senior', '2002-09-18', 350, 0, NULL, 0),
(111, 'Elisha', 'Birnbaum', '145 Shakespeare Avenue', 9, 'M', 'G', '(09)4279-676', 'Junior', '2004-12-29', 250, 250, '2012-03-18', 1),
(112, 'Leone', 'Boulware', '141 Bagnall Place', 4, 'B', 'N', '(09)1998-970', 'Senior', '2003-04-21', 350, 350, '2012-03-10', 1),
(113, 'Victor', 'Curiel', '111 North Street', 9, 'G', 'G', '(09)4762-791', 'Junior', '2005-10-15', 250, 0, NULL, 0),
(114, 'Edward', 'Almaraz', '357 High Street', 7, 'A', 'E', '(09)9085-295', 'Intermediate', '2004-01-02', 300, 300, '2012-01-20', 1),
(115, 'Werner', 'Fern', '20 Victoria Road East', 4, 'C', 'F', '(09)3643-614', 'Senior', '2002-01-17', 350, 0, NULL, 0),
(116, 'Abbie', 'Biton', '309 Corunna Road', 9, 'M', 'K', '(09)3932-833', 'Senior', '2001-03-21', 350, 350, '2012-03-02', 1),
(117, 'Jed', 'Fee', '370 Calliope Road', 8, 'M', 'I', '(09)8970-421', 'Senior', '2003-01-13', 350, 350, '2012-02-21', 1),
(118, 'Kyoko', 'Countryman', '238 Mackwood Place', 3, 'M', 'E', '(09)9080-879', 'Junior', '2005-02-24', 250, 250, '2012-01-25', 1),
(119, 'Gay', 'Benefield', '143 Dodson Avenue', 9, 'H', 'F', '(09)7951-712', 'Junior', '2005-11-29', 250, 250, '2012-02-23', 1),
(120, 'Ashleigh', 'Bittner', '116 Bay View Road', 8, 'F', 'P', '(09)2594-205', 'Senior', '2001-07-02', 350, 350, '2012-03-21', 1),
(121, 'Nick', 'Alessi', '83 Egremont Street', 9, 'C', 'L', '(09)1790-657', 'Senior', '2001-01-01', 350, 350, '2012-03-17', 1),
(122, 'Raghukishan', 'Akers', '161 Abbotsford Terrace Ea', 7, 'O', 'C', '(09)1547-738', 'Junior', '2006-03-07', 250, 250, '2012-02-04', 1),
(123, 'Weldon', 'Ertel', '289 Williamson Avenue', 2, 'O', 'F', '(09)4564-677', 'Senior', '2000-09-08', 350, 0, NULL, 0),
(124, 'Markita', 'Cedeno', '131 Earnscliffe Road', 2, 'O', 'D', '(09)3835-331', 'Senior', '2002-03-17', 350, 350, '2012-01-30', 1),
(125, 'Ariel', 'Blanton', '320 Abbotsford Terrace', 7, 'K', 'N', '(09)5116-044', 'Senior', '2000-06-07', 350, 350, '2012-01-13', 1),
(126, 'Bonita', 'Bartsch', '195 High Street', 4, 'N', 'N', '(09)2698-682', 'Senior', '2000-06-30', 350, 350, '2012-02-20', 1),
(127, 'Dahlia', 'Carlo', '50 Keys Street', 9, 'B', 'H', '(09)7762-187', 'Junior', '2005-06-04', 250, 250, '2012-02-22', 1),
(128, 'Rayford', 'Filler', '141 Bayswater Wharf', 1, 'M', 'E', '(09)8609-740', 'Senior', '2000-10-18', 350, 350, '2012-01-11', 1),
(129, 'Alexia', 'Brugger', '229 Puna Crescent', 9, 'M', 'K', '(09)3360-116', 'Intermediate', '2004-02-17', 300, 300, '2012-03-15', 1),
(130, 'Tempie', 'Darrow', '95 Sydney Street', 9, 'F', 'H', '(09)2154-314', 'Senior', '2002-02-17', 350, 0, NULL, 0),
(131, 'Chin', 'Cassell', '20 Turnbull Road', 7, 'G', 'H', '(09)1345-351', 'Intermediate', '2004-07-31', 300, 300, '2012-03-06', 1),
(132, 'Ethelyn', 'Broadwater', '58 Glen Avenue', 4, 'D', 'N', '(09)5044-643', 'Intermediate', '2004-07-23', 300, 300, '2012-03-23', 1),
(133, 'Leanna', 'Bettis', '168 Fleet Street', 7, 'E', 'F', '(09)7699-903', 'Senior', '2001-11-05', 350, 350, '2012-01-30', 1),
(134, 'Udayan', 'Adam', '457 Paramu Avenue', 3, 'D', 'B', '(09)8564-830', 'Junior', '2004-11-04', 250, 0, NULL, 0),
(135, 'Ja', 'Crandell', '154 Sanders Avenue', 9, 'H', 'O', '(09)3570-483', 'Senior', '2001-11-19', 350, 350, '2012-03-07', 1),
(136, 'Leighann', 'Claude', '106 Beaconsfield Road', 9, 'K', 'C', '(09)3424-315', 'Senior', '2003-08-08', 350, 350, '2012-03-16', 1),
(137, 'Su', 'Broach', '107 Ocean View Road', 8, 'E', 'I', '(09)9014-423', 'Junior', '2004-10-09', 250, 0, NULL, 0),
(138, 'Tammera', 'Creed', '366 Marine Parade', 9, 'J', 'D', '(09)8742-732', 'Junior', '2005-07-16', 250, 0, NULL, 0),
(139, 'Glennis', 'Catoe', '348 Hansen Road', 9, 'F', 'P', '(09)8918-082', 'Senior', '2002-03-26', 350, 350, '2012-03-20', 1),
(140, 'Jacques', 'Estey', '490 Matai Road', 7, 'F', 'G', '(09)1738-881', 'Senior', '2002-04-07', 350, 350, '2012-01-02', 1),
(141, 'Barrie', 'Cornman', '133 Wakanui Street', 4, 'O', 'E', '(09)1525-053', 'Senior', '2003-05-25', 350, 350, '2012-01-20', 1),
(142, 'Keisha', 'Bean', '411 Bath Road', 4, 'O', 'O', '(09)6804-837', 'Senior', '2003-01-12', 350, 350, '2012-02-29', 1),
(143, 'Augustina', 'Cawthon', '84 Norma Road', 9, 'P', 'F', '(09)3507-365', 'Senior', '2003-02-19', 350, 350, '2012-01-27', 1),
(144, 'Arlyne', 'Demby', '24 Waimana Ave', 8, 'F', 'M', '(09)6314-670', 'Senior', '2001-03-23', 350, 350, '2012-02-26', 1),
(145, 'Foster', 'Fason', '186 Kitchener Road', 9, 'M', 'F', '(09)3545-292', 'Junior', '2005-12-25', 250, 250, '2012-03-01', 1),
(146, 'Johnsie', 'Dane', '60 Chinaman\'s Hill', 7, 'F', 'G', '(09)7382-978', 'Senior', '2003-03-26', 350, 350, '2012-02-05', 1),
(147, 'Mica', 'Connelly', '417 Karaka Road', 3, 'B', 'L', '(09)5846-583', 'Junior', '2006-03-03', 250, 250, '2012-03-08', 1),
(148, 'Chris', 'Dority', '477 Moana Avenue', 9, 'H', 'B', '(09)4376-254', 'Intermediate', '2003-12-16', 300, 300, '2012-03-23', 1),
(149, 'Tessie', 'Bloch', '342 McCullough Place', 4, 'P', 'G', '(09)1115-675', 'Senior', '2002-01-12', 350, 0, NULL, 0),
(150, 'Modesto', 'Fishel', '16 Shoal Bay Road', 7, 'N', 'I', '(09)6225-536', 'Senior', '2002-10-25', 350, 350, '2012-01-28', 1),
(151, 'Hyo', 'Defilippo', '165 Aorangi Road', 4, 'J', 'H', '(09)2306-661', 'Senior', '2001-07-06', 350, 350, '2012-01-10', 1),
(152, 'Kay', 'Badgley', '419 Tonar Street', 8, 'B', 'O', '(09)1875-324', 'Senior', '2001-11-01', 350, 350, '2012-01-11', 1),
(153, 'Richard', 'Acevedo', '379 Dale Street', 7, 'O', 'G', '(09)5763-187', 'Intermediate', '2004-08-31', 300, 300, '2012-02-21', 1),
(154, 'Ray', 'Boozer', '9 Lowe Street', 9, 'M', 'F', '(09)3036-534', 'Intermediate', '2004-06-24', 300, 300, '2012-01-07', 1),
(155, 'Sibyl', 'Bruni', '53 Dominion Road', 7, 'O', 'L', '(09)4044-132', 'Senior', '2002-04-27', 350, 0, NULL, 0),
(156, 'Laine', 'Dermody', '480 Gladstone Road', 8, 'M', 'N', '(09)1883-508', 'Junior', '2005-11-23', 250, 250, '2012-01-13', 1),
(157, 'Johnson', 'Firestone', '117 Lomond Street', 9, 'N', 'C', '(09)4916-791', 'Junior', '2005-09-27', 250, 250, '2012-02-27', 1),
(158, 'Shella', 'Cordova', '195 Mariposa Crescent', 4, 'D', 'E', '(09)5270-545', 'Senior', '2001-12-31', 350, 0, NULL, 0),
(159, 'Karima', 'Deese', '199 Raleigh Road', 8, 'A', 'O', '(09)6300-693', 'Senior', '2002-07-01', 350, 350, '2012-02-16', 1),
(160, 'Latia', 'Chaparro', '266 Mokoia Road', 4, 'I', 'D', '(09)2214-869', 'Intermediate', '2004-09-02', 300, 300, '2012-03-07', 1),
(161, 'Lynne', 'Banton', '385 Lake Beach', 9, 'H', 'B', '(09)2035-590', 'Senior', '2001-10-03', 350, 350, '2012-03-01', 1),
(162, 'Brigid', 'Cantara', '168 Shale Avenue', 2, 'P', 'P', '(09)5622-558', 'Intermediate', '2003-11-01', 300, 300, '2012-03-05', 1),
(163, 'Clotilde', 'Cavins', '31 Bay View Road', 9, 'F', 'H', '(09)7312-057', 'Senior', '2003-09-21', 350, 350, '2012-02-08', 1),
(164, 'Kacy', 'Cheshire', '439 Pearl Street', 8, 'C', 'H', '(09)7296-249', 'Senior', '2002-01-16', 350, 350, '2012-03-15', 1),
(165, 'Dustin', 'Dresser', '308 Pinewood Lane', 4, 'A', 'L', '(09)8552-781', 'Junior', '2005-06-18', 250, 250, '2012-02-17', 1),
(166, 'Aron', 'Fales', '427 Queen Street', 4, 'O', 'F', '(09)5397-494', 'Intermediate', '2004-04-11', 300, 300, '2012-01-18', 1),
(167, 'Loida', 'Cicero', '248 Halls Corner', 9, 'I', 'C', '(09)5517-069', 'Junior', '2005-05-03', 250, 250, '2012-02-05', 1),
(168, 'Johanne', 'Cyrus', '46 Brett Avenue', 9, 'D', 'K', '(09)3542-810', 'Junior', '2005-10-04', 250, 250, '2012-02-12', 1),
(169, 'Rheba', 'Denniston', '382 Artillery Road', 7, 'F', 'J', '(09)5886-664', 'Intermediate', '2004-02-19', 300, 300, '2012-03-05', 1),
(170, 'Charlesetta', 'Dantzler', '47 Bartley Road', 8, 'G', 'O', '(09)3740-158', 'Intermediate', '2004-02-04', 300, 300, '2012-01-22', 1),
(171, 'Gertude', 'Copper', '191 Sylvia Avenue', 8, 'L', 'M', '(09)4041-294', 'Intermediate', '2004-05-09', 300, 300, '2012-01-22', 1),
(172, 'Paola', 'Buntin', '448 Mercury Street', 4, 'P', 'K', '(09)3729-916', 'Senior', '2002-02-14', 350, 350, '2012-03-01', 1),
(173, 'Odell', 'Bufkin', '437 Taka Terrace', 9, 'H', 'J', '(09)2617-774', 'Senior', '2001-05-28', 350, 350, '2012-01-17', 1),
(174, 'Maxie', 'Bremer', '302 Talbot Road', 8, 'L', 'G', '(09)3572-039', 'Intermediate', '2004-03-07', 300, 300, '2012-01-17', 1),
(175, 'Basilia', 'Dematteo', '160 Kia Ora Road', 3, 'I', 'N', '(09)7992-055', 'Intermediate', '2004-07-17', 300, 300, '2012-02-07', 1),
(176, 'Krystina', 'Counts', '446 Meadowbank Street', 4, 'A', 'J', '(09)2431-006', 'Junior', '2004-11-12', 250, 250, '2012-03-10', 1),
(177, 'Melisa', 'Bello', '283 Colonial Road', 4, 'G', 'H', '(09)7843-096', 'Junior', '2005-07-09', 250, 250, '2012-03-18', 1),
(178, 'Deedra', 'Cranor', '32 Berne Place', 4, 'C', 'K', '(09)5891-653', 'Senior', '2001-10-24', 350, 350, '2012-02-15', 1),
(179, 'Marti', 'Brien', '199 Como Street', 9, 'A', 'I', '(09)8176-271', 'Junior', '2005-01-27', 250, 250, '2012-03-06', 1),
(180, 'Echo', 'Coggins', '431 Tennyson Street', 4, 'G', 'E', '(09)4622-017', 'Senior', '2000-07-29', 350, 350, '2012-01-03', 1),
(181, 'Leshia', 'Angulo', '325 Hawkins Street', 4, 'B', 'J', '(09)8539-945', 'Senior', '2002-07-29', 350, 350, '2012-02-05', 1),
(182, 'Troy', 'Allan', '473 Barry\'s Point Road', 9, 'P', 'O', '(09)5072-168', 'Senior', '2000-08-25', 350, 0, NULL, 0),
(183, 'Petra', 'Beaman', '343 Hanlon Street', 7, 'E', 'N', '(09)6002-347', 'Senior', '2001-06-12', 350, 350, '2012-02-04', 1),
(184, 'Charles', 'Doctor', '485 Cassino St', 2, 'B', 'M', '(09)4060-182', 'Junior', '2005-01-27', 250, 250, '2012-01-11', 1),
(185, 'Jenni', 'Brazell', '100 Highbury Corner', 4, 'L', 'H', '(09)1655-288', 'Junior', '2005-01-12', 250, 250, '2012-01-31', 1),
(186, 'Jan', 'Balls', '205 Harley Road', 9, 'O', 'L', '(09)6672-182', 'Intermediate', '2004-05-17', 300, 300, '2012-01-01', 1),
(187, 'Myrtis', 'Boston', '301 Carlton Terrace', 4, 'I', 'F', '(09)7763-770', 'Junior', '2005-07-16', 250, 250, '2012-02-26', 1),
(188, 'Renita', 'Boardman', '36 Leander Street', 1, 'C', 'H', '(09)3909-596', 'Senior', '2003-02-17', 350, 350, '2012-02-21', 1),
(189, 'Corazon', 'Button', '102 Valley Road', 4, 'I', 'C', '(09)7388-926', 'Junior', '2005-10-19', 250, 250, '2012-02-11', 1),
(190, 'Taunya', 'Dille', '494 Queen\'s Parade', 7, 'K', 'P', '(09)4561-596', 'Senior', '2003-07-01', 350, 0, NULL, 0),
(191, 'Tressa', 'Branam', '15 Richmond Avenue', 8, 'J', 'F', '(09)8809-643', 'Intermediate', '2003-10-14', 300, 0, NULL, 0),
(192, 'Caroline', 'Andujar', '119 Hadfield Street', 4, 'F', 'K', '(09)7604-002', 'Senior', '2000-04-28', 350, 350, '2012-02-26', 1),
(193, 'Quintin', 'Fenstermacher', '90 Verran\'s Corner', 3, 'P', 'H', '(09)1339-926', 'Senior', '2002-12-19', 350, 350, '2012-02-04', 1),
(194, 'Emory', 'Espy', '33 Park Hill Road', 4, 'G', 'J', '(09)6821-730', 'Senior', '2003-09-02', 350, 350, '2012-02-01', 1),
(195, 'Dante', 'Allsop', '302 School Road', 2, 'N', 'N', '(09)2535-502', 'Intermediate', '2004-08-05', 300, 300, '2012-02-13', 1),
(196, 'Rachele', 'Casella', '392 Pohutukawa Avenue', 3, 'A', 'F', '(09)5582-216', 'Junior', '2005-12-22', 250, 250, '2012-01-21', 1),
(197, 'Shawn', 'Ahmad', '411 Bruce Street', 8, 'L', 'N', '(09)4649-910', 'Intermediate', '2003-10-29', 300, 0, NULL, 0),
(198, 'Wally', 'Flemming', '138 Rutland Road', 7, 'M', 'H', '(09)2889-254', 'Senior', '2002-11-19', 350, 0, NULL, 0),
(199, 'Emil', 'Eells', '389 Moata Place', 6, 'O', 'C', '(09)3758-273', 'Junior', '2005-10-24', 250, 250, '2012-02-06', 1),
(200, 'Leonie', 'Chowdhury', '457 Cambria Road', 7, 'P', 'M', '(09)6887-876', 'Junior', '2005-09-08', 250, 250, '2012-01-12', 1),
(201, 'Frank', 'Agustin', '359 Flagstaff Road', 7, 'O', 'B', '(09)4088-069', 'Senior', '2003-03-08', 350, 350, '2012-01-12', 1),
(202, 'Lance', 'Duet', '449 Philomel Crescent', 1, 'J', 'G', '(09)5491-200', 'Intermediate', '2004-02-22', 300, 300, '2012-03-17', 1),
(203, 'Philip', 'Doris', '487 Willow Avenue', 4, 'P', 'F', '(09)1732-636', 'Senior', '2000-08-20', 350, 350, '2012-02-04', 1),
(204, 'Leon', 'Drakeford', '26 Waitemata Road', 9, 'F', 'C', '(09)7458-091', 'Senior', '2003-09-10', 350, 350, '2012-03-22', 1),
(205, 'Drucilla', 'Campion', '14 Spring Street', 7, 'K', 'G', '(09)7478-573', 'Senior', '2002-02-28', 350, 350, '2012-02-02', 1),
(206, 'Margaretta', 'Cervantez', '448 Birkley Road', 9, 'F', 'I', '(09)2252-180', 'Senior', '2000-11-21', 350, 350, '2012-02-17', 1),
(207, 'Peter', 'Domenech', '397 Northcote Road', 9, 'I', 'P', '(09)7066-932', 'Junior', '2004-12-23', 250, 250, '2012-03-07', 1),
(208, 'Kristle', 'Dinwiddie', '174 Hilders Corner', 4, 'D', 'P', '(09)4189-044', 'Senior', '2003-02-25', 350, 350, '2012-03-22', 1),
(209, 'Lane', 'Chapdelaine', '241 Main Road', 4, 'E', 'F', '(09)7434-968', 'Junior', '2005-05-03', 250, 250, '2012-02-13', 1),
(210, 'Anastasia', 'Betances', '329 Moa Street', 2, 'E', 'M', '(09)7928-213', 'Senior', '2002-09-24', 350, 350, '2012-03-02', 1),
(211, 'Leah', 'Badger', '206 O\'Neill\'s Avenue', 9, 'D', 'M', '(09)1596-241', 'Junior', '2005-07-23', 250, 250, '2012-03-10', 1),
(212, 'Louie', 'Ehlert', '372 Roslyn Terrace', 7, 'I', 'P', '(09)8343-173', 'Senior', '2002-06-29', 350, 350, '2012-01-22', 1),
(213, 'Raphael', 'Embrey', '239 Maxwell Avenue', 8, 'C', 'M', '(09)1337-432', 'Junior', '2005-03-10', 250, 250, '2012-03-18', 1),
(214, 'Curtis', 'Albano', '337 Inglis Road', 3, 'F', 'A', '(09)8373-605', 'Intermediate', '2003-12-17', 300, 300, '2012-02-07', 1),
(215, 'Nestor', 'Eriksson', '476 Marine Square', 7, 'G', 'A', '(09)3013-128', 'Junior', '2004-11-21', 250, 250, '2012-02-28', 1),
(216, 'Adam', 'Donis', '227 John Court Street', 4, 'F', 'J', '(09)2369-264', 'Intermediate', '2004-02-14', 300, 300, '2012-01-19', 1),
(217, 'Jeane', 'Brendel', '431 Northcote Terrace', 4, 'L', 'J', '(09)6927-097', 'Senior', '2001-10-18', 350, 350, '2012-03-18', 1),
(218, 'Maggie', 'Balling', '376 Domain Street', 7, 'N', 'M', '(09)3664-588', 'Junior', '2005-04-16', 250, 250, '2012-02-28', 1),
(219, 'Giuseppina', 'Crowell', '48 Kapai Road', 7, 'L', 'A', '(09)1018-123', 'Senior', '2002-02-20', 350, 350, '2012-02-25', 1),
(220, 'Golden', 'Delorme', '226 Marine Parade', 1, 'O', 'D', '(09)2232-195', 'Intermediate', '2004-06-25', 300, 300, '2012-01-23', 1),
(221, 'Neta', 'Cargile', '82 Cronin Place', 3, 'A', 'L', '(09)2882-938', 'Junior', '2006-02-10', 250, 250, '2012-02-07', 1),
(222, 'Lakiesha', 'Conrad', '96 Potter Avenue', 8, 'M', 'D', '(09)8522-896', 'Senior', '2001-07-30', 350, 350, '2012-03-15', 1),
(223, 'Kayleen', 'Chalmers', '424 Birkenhead Road', 8, 'E', 'E', '(09)2223-624', 'Intermediate', '2004-03-14', 300, 300, '2012-01-06', 1),
(224, 'Omar', 'Durrah', '58 Cheltenham Road/Street', 7, 'H', 'E', '(09)8896-169', 'Senior', '2003-02-12', 350, 350, '2012-02-27', 1),
(225, 'Merrill', 'Cottone', '289 Maritime Terrace', 4, 'E', 'B', '(09)3132-473', 'Junior', '2005-01-02', 250, 250, '2012-02-04', 1),
(226, 'Dannie', 'Cousin', '490 Killarney Street', 9, 'K', 'A', '(09)6573-682', 'Senior', '2002-12-21', 350, 350, '2012-02-08', 1),
(227, 'Hui', 'Burden', '11 Tiri Road', 9, 'B', 'L', '(09)2245-650', 'Junior', '2005-02-08', 250, 250, '2012-01-29', 1),
(228, 'Carin', 'Brott', '179 Glenfield Road', 4, 'N', 'K', '(09)5950-363', 'Senior', '2003-07-28', 350, 350, '2012-01-25', 1),
(229, 'Connie', 'Fegley', '129 O\'Neill\'s Point Road', 9, 'D', 'F', '(09)6568-993', 'Senior', '2001-05-10', 350, 350, '2012-01-05', 1),
(230, 'Israel', 'Earnhardt', '44 Benton Avenue', 8, 'B', 'G', '(09)2390-207', 'Senior', '2000-06-15', 350, 350, '2012-03-19', 1),
(231, 'Noemi', 'Benito', '467 Courtland Place', 4, 'H', 'H', '(09)1996-773', 'Senior', '2002-05-07', 350, 350, '2012-03-19', 1),
(232, 'Daina', 'Costales', '382 Pupuke Road', 4, 'N', 'D', '(09)4317-277', 'Senior', '2003-08-27', 350, 350, '2012-01-11', 1),
(233, 'So', 'Charlie', '499 Park Avenue', 9, 'O', 'P', '(09)3517-663', 'Junior', '2005-02-09', 250, 0, NULL, 0),
(234, 'Rosann', 'Chai', '69 Duke Street', 8, 'M', 'K', '(09)3788-263', 'Intermediate', '2004-01-25', 300, 300, '2012-03-13', 1),
(235, 'Kiana', 'Chalker', '54 Strand West', 9, 'A', 'K', '(09)5662-706', 'Senior', '2002-07-30', 350, 350, '2012-01-13', 1),
(236, 'Enid', 'Bewley', '198 Sinclair Street', 7, 'N', 'G', '(09)2027-234', 'Senior', '2003-08-02', 350, 350, '2012-03-10', 1),
(237, 'Yvette', 'Baltes', '54 Brussells Place', 4, 'J', 'J', '(09)4241-794', 'Intermediate', '2004-09-14', 300, 0, NULL, 0),
(238, 'Renae', 'Bishop', '468 Tainui Road', 7, 'D', 'A', '(09)3328-474', 'Junior', '2005-06-20', 250, 250, '2012-01-21', 1),
(239, 'Agnus', 'Detrick', '413 Birkdale Road', 3, 'A', 'B', '(09)1299-474', 'Junior', '2005-05-05', 250, 250, '2012-02-20', 1),
(240, 'Shakita', 'Currier', '374 Hillary Crescent', 9, 'E', 'F', '(09)4215-461', 'Senior', '2000-05-24', 350, 350, '2012-03-16', 1),
(241, 'Tommy', 'Briner', '349 Seon Place', 3, 'J', 'C', '(09)5964-908', 'Senior', '2001-02-15', 350, 0, NULL, 0),
(242, 'Yasmin', 'Breslin', '132 Rodney Road', 8, 'N', 'K', '(09)8568-496', 'Senior', '2002-09-10', 350, 0, NULL, 0),
(243, 'Lucile', 'Bedell', '418 Tank Farm Road', 8, 'P', 'O', '(09)7627-756', 'Senior', '2002-12-25', 350, 350, '2012-01-09', 1),
(244, 'Christena', 'Chesson', '258 Albert Road', 4, 'J', 'J', '(09)7469-701', 'Senior', '2001-08-02', 350, 350, '2012-03-10', 1),
(245, 'Brian', 'Anguiano', '54 Soldiers Alley', 7, 'A', 'A', '(09)3893-031', 'Junior', '2005-01-25', 250, 250, '2012-01-08', 1),
(246, 'Phylicia', 'Conklin', '166 Birkenhead Avenue', 4, 'J', 'N', '(09)3982-176', 'Junior', '2005-07-31', 250, 250, '2012-01-21', 1),
(247, 'Virgie', 'Begin', '363 Roberts Avenue', 2, 'N', 'B', '(09)4789-506', 'Intermediate', '2003-10-07', 300, 0, NULL, 0),
(248, 'Nell', 'Bax', '286 Sylvan Avenue', 8, 'G', 'O', '(09)2047-337', 'Junior', '2005-09-13', 250, 250, '2012-02-21', 1),
(249, 'Emilie', 'Bissonnette', '165 Seaview Avenue', 8, 'E', 'A', '(09)5234-200', 'Senior', '2002-04-11', 350, 350, '2012-02-29', 1),
(250, 'Alita', 'Corchado', '367 Bridge View Road', 4, 'G', 'N', '(09)2007-960', 'Senior', '2003-04-29', 350, 350, '2012-01-22', 1),
(251, 'Annmarie', 'Bible', '84 Grove Road', 7, 'C', 'I', '(09)4523-719', 'Junior', '2005-03-26', 250, 250, '2012-03-24', 1),
(252, 'Yasuko', 'Costin', '115 Taharoto Road', 9, 'L', 'I', '(09)5502-913', 'Senior', '2002-08-16', 350, 0, NULL, 0),
(253, 'Soledad', 'Blecha', '413 Gazelle Avenue', 4, 'P', 'E', '(09)7428-098', 'Intermediate', '2004-05-20', 300, 0, NULL, 0),
(254, 'Vivian', 'Auld', '273 Seabreeze Road', 7, 'G', 'N', '(09)1185-864', 'Intermediate', '2004-02-18', 300, 0, NULL, 0),
(255, 'Twanna', 'Colquitt', '44 Waratah Road', 4, 'D', 'I', '(09)2510-930', 'Senior', '2001-05-12', 350, 0, NULL, 0),
(256, 'Thomasine', 'Chan', '477 Essex Street', 8, 'G', 'K', '(09)6682-806', 'Senior', '2003-09-12', 350, 0, NULL, 0),
(257, 'Miyoko', 'Damian', '371 Clarence Street', 7, 'E', 'P', '(09)1308-341', 'Senior', '2002-12-26', 350, 350, '2012-03-18', 1),
(258, 'Esta', 'Cadwallader', '261 Scarborough Terrace', 7, 'J', 'F', '(09)1091-119', 'Junior', '2005-03-04', 250, 250, '2012-01-27', 1),
(259, 'Charles', 'Alatorre', '61 Shea Terrace', 9, 'B', 'K', '(09)2187-641', 'Junior', '2005-02-27', 250, 250, '2012-03-18', 1),
(260, 'Alfonzo', 'Farren', '312 DeGrey Terrace', 7, 'A', 'F', '(09)7991-166', 'Intermediate', '2003-10-24', 300, 300, '2012-03-04', 1),
(261, 'Kenton', 'Fellers', '10 Tui Street', 2, 'I', 'K', '(09)3484-340', 'Senior', '2002-12-05', 350, 350, '2012-02-22', 1),
(262, 'Gidget', 'Czerwinski', '370 Rawhiti Road', 9, 'K', 'K', '(09)4069-963', 'Senior', '2003-09-14', 350, 350, '2012-01-04', 1),
(263, 'Shanelle', 'Choi', '80 Spencer Terrace', 9, 'F', 'P', '(09)3097-088', 'Intermediate', '2004-07-16', 300, 300, '2012-01-05', 1),
(264, 'Latasha', 'Bartram', '108 Strand Street', 9, 'J', 'P', '(09)1836-312', 'Junior', '2005-09-14', 250, 250, '2012-01-03', 1),
(265, 'Jeff', 'Amburgey', '293 Arthurs Crescent', 9, 'P', 'H', '(09)4338-174', 'Intermediate', '2004-07-16', 300, 300, '2012-02-18', 1),
(266, 'Justine', 'Beckford', '308 Stafford Road', 8, 'K', 'O', '(09)3258-952', 'Senior', '2000-06-29', 350, 350, '2012-01-30', 1),
(267, 'Gaynell', 'Bryner', '202 Trafalgar Road', 9, 'E', 'E', '(09)4364-533', 'Senior', '2002-10-04', 350, 350, '2012-03-23', 1),
(268, 'Ali', 'Alcott', '252 Queens Terrace', 4, 'E', 'F', '(09)6327-989', 'Senior', '2003-07-01', 350, 350, '2012-01-29', 1),
(269, 'Jewel', 'Basireddy', '49 Handley Avenue', 7, 'G', 'I', '(09)7296-784', 'Senior', '2003-06-12', 350, 350, '2012-01-11', 1),
(270, 'Jean', 'Armor', '331 Cameron Street', 7, 'B', 'G', '(09)4146-442', 'Junior', '2005-12-28', 250, 250, '2012-01-30', 1),
(271, 'Chung', 'Ferreri', '54 Alexander Avenue', 7, 'M', 'M', '(09)3740-514', 'Senior', '2000-09-30', 350, 350, '2012-02-08', 1),
(272, 'Karolyn', 'Breckenridge', '164 Archers Road', 4, 'E', 'E', '(09)1545-328', 'Senior', '2001-01-07', 350, 350, '2012-03-20', 1),
(273, 'Twila', 'Biggins', '233 Seacliffe Road East', 9, 'B', 'O', '(09)8216-368', 'Junior', '2005-07-18', 250, 0, NULL, 0),
(274, 'Fredda', 'Cruz', '181 Onewa Street', 4, 'F', 'M', '(09)1331-738', 'Senior', '2002-06-27', 350, 350, '2012-03-12', 1),
(275, 'Cari', 'Blaise', '443 Catrina Avenue', 4, 'A', 'F', '(09)6599-116', 'Senior', '2003-08-15', 350, 350, '2012-02-02', 1),
(276, 'Violeta', 'Bostick', '31 Bank Street', 4, 'I', 'L', '(09)4597-848', 'Junior', '2005-08-22', 250, 0, NULL, 0),
(277, 'Craig', 'Dorazio', '56 Pearn Crescent', 8, 'J', 'H', '(09)2445-358', 'Senior', '2000-08-10', 350, 350, '2012-01-15', 1),
(278, 'Angie', 'Balk', '167 Muritai Road', 9, 'A', 'B', '(09)6396-707', 'Junior', '2005-12-03', 250, 250, '2012-01-29', 1),
(279, 'Nadine', 'Barela', '222 Beach Street', 7, 'N', 'L', '(09)8563-318', 'Senior', '2002-02-26', 350, 350, '2012-02-01', 1),
(280, 'Spencer', 'Eakin', '423 Duder\'s Avenue', 7, 'H', 'D', '(09)2201-108', 'Senior', '2002-11-24', 350, 0, NULL, 0),
(281, 'Martin', 'Dooley', '498 Moana Avenue', 7, 'M', 'E', '(09)7602-520', 'Junior', '2005-11-21', 250, 250, '2012-03-15', 1),
(282, 'Heriberto', 'Entwistle', '489 Princes Street', 8, 'P', 'J', '(09)4438-582', 'Senior', '2003-05-05', 350, 350, '2012-01-22', 1),
(283, 'Gaynelle', 'Converse', '220 Learmonth Avenue', 4, 'K', 'A', '(09)6338-655', 'Intermediate', '2003-10-06', 300, 300, '2012-01-13', 1),
(284, 'Nirav', 'Amis', '310 Archer\'s Road', 9, 'B', 'I', '(09)3354-814', 'Senior', '2000-11-14', 350, 350, '2012-02-14', 1),
(285, 'Nicolas', 'Eberhardt', '213 Hammond Place', 4, 'B', 'M', '(09)5077-298', 'Senior', '2003-05-22', 350, 350, '2012-02-28', 1),
(286, 'Shaneka', 'Carmean', '303 William Bond Street', 7, 'J', 'D', '(09)7765-686', 'Senior', '2002-04-19', 350, 350, '2012-03-23', 1),
(287, 'Mana', 'Coll', '135 Hart Road', 9, 'C', 'K', '(09)1434-217', 'Junior', '2006-01-09', 250, 250, '2012-01-14', 1),
(288, 'Lorri', 'Boaz', '310 Moore Street', 4, 'P', 'K', '(09)4431-587', 'Senior', '2001-06-19', 350, 350, '2012-02-04', 1),
(289, 'Marcie', 'Benjamin', '269 Ariho Terrace', 7, 'N', 'I', '(09)3831-605', 'Senior', '2000-04-19', 350, 350, '2012-02-21', 1),
(290, 'Francina', 'Clay', '203 Hotel Street', 8, 'F', 'F', '(09)3043-928', 'Senior', '2003-08-17', 350, 350, '2012-02-25', 1),
(291, 'Suzanna', 'Bordeaux', '89 Katrine Street', 9, 'K', 'L', '(09)4382-370', 'Senior', '2002-01-02', 350, 0, NULL, 0),
(292, 'Mila', 'Camarena', '62 Everest Street', 7, 'E', 'L', '(09)6654-738', 'Senior', '2002-11-08', 350, 350, '2012-02-16', 1),
(293, 'Mazie', 'Bristow', '358 Bishopgate Street', 3, 'K', 'K', '(09)4189-813', 'Senior', '2000-06-20', 350, 350, '2012-01-11', 1),
(294, 'Florene', 'Brogdon', '224 Stone Street', 9, 'N', 'J', '(09)6071-311', 'Junior', '2006-01-25', 250, 250, '2012-01-05', 1),
(295, 'Rachel', 'Aronson', '276 Verbena Road', 4, 'A', 'D', '(09)6423-604', 'Junior', '2005-09-26', 250, 250, '2012-03-23', 1),
(296, 'Ossie', 'Candler', '323 Sulphur Beach Road', 8, 'D', 'D', '(09)5906-046', 'Senior', '2002-10-06', 350, 350, '2012-03-02', 1),
(297, 'Estella', 'Bateman', '314 Eskdale Road', 3, 'C', 'F', '(09)4553-973', 'Intermediate', '2004-01-23', 300, 300, '2012-01-16', 1),
(298, 'Galen', 'Ertl', '199 Beresford Street', 1, 'J', 'G', '(09)5393-710', 'Senior', '2000-10-30', 350, 350, '2012-02-21', 1),
(299, 'Vanna', 'Deavers', '133 Logan Lane', 4, 'J', 'G', '(09)4526-761', 'Senior', '2001-02-20', 350, 0, NULL, 0),
(300, 'Alexa', 'Bogdan', '465 Mays Street', 7, 'G', 'D', '(09)1026-253', 'Senior', '2001-09-17', 350, 350, '2012-03-20', 1),
(301, 'Rebecca', 'Arest', '206 Cowper Street', 7, 'L', 'M', '(09)1103-531', 'Junior', '2005-07-22', 250, 250, '2012-03-08', 1),
(302, 'Rolande', 'Devos', '225 Brown Street', 9, 'J', 'K', '(09)6559-142', 'Senior', '2002-07-17', 350, 350, '2012-01-05', 1),
(303, 'Kimiko', 'Coffey', '362 Victoria Street', 9, 'N', 'E', '(09)4095-596', 'Senior', '2000-10-07', 350, 350, '2012-02-07', 1),
(304, 'Joseph', 'Achenbach', '299 Huron Street', 9, 'I', 'E', '(09)4924-782', 'Junior', '2006-03-27', 250, 250, '2012-03-09', 1),
(305, 'Sherell', 'Current', '2 Seacliffe Road West', 9, 'H', 'E', '(09)1003-202', 'Junior', '2005-02-12', 250, 0, NULL, 0),
(306, 'Celestine', 'Blauser', '432 Napier Avenue', 9, 'K', 'M', '(09)8860-041', 'Junior', '2005-11-24', 250, 250, '2012-03-06', 1),
(307, 'Sophia', 'Barnes', '97 Empire Road', 7, 'B', 'E', '(09)2107-484', 'Senior', '2001-07-11', 350, 0, NULL, 0),
(308, 'Judie', 'Burger', '156 Norman Road', 9, 'H', 'J', '(09)4430-600', 'Junior', '2004-11-08', 250, 250, '2012-03-19', 1),
(309, 'Lawanda', 'Bergquist', '111 Alwyn Terrace', 9, 'O', 'F', '(09)4504-338', 'Senior', '2000-04-23', 350, 350, '2012-01-17', 1),
(310, 'Effie', 'Bass', '400 Purchas Road', 9, 'G', 'P', '(09)4803-869', 'Senior', '2002-10-25', 350, 350, '2012-01-29', 1),
(311, 'Bernita', 'Boyter', '485 Verran Road', 3, 'I', 'B', '(09)2250-363', 'Senior', '2003-07-28', 350, 350, '2012-01-29', 1),
(312, 'Mandi', 'Boettcher', '356 Gladstone Avenue', 8, 'O', 'C', '(09)4985-344', 'Senior', '2001-09-25', 350, 350, '2012-03-07', 1),
(313, 'Loree', 'Cairns', '326 Milford Road Extensio', 9, 'H', 'E', '(09)3027-947', 'Junior', '2005-12-22', 250, 250, '2012-03-04', 1),
(314, 'Wendell', 'Duplantis', '343 Gibbons Road', 9, 'E', 'G', '(09)4101-103', 'Senior', '2002-07-30', 350, 0, NULL, 0),
(315, 'Jim', 'Anzalone', '72 Fuchsia Place', 3, 'B', 'N', '(09)5297-671', 'Junior', '2005-02-26', 250, 250, '2012-01-20', 1),
(316, 'Delma', 'Blackwood', '169 Guiniven Ave', 1, 'K', 'D', '(09)8030-720', 'Senior', '2002-03-20', 350, 350, '2012-01-09', 1),
(317, 'Karri', 'Brooking', '283 Bracken Avenue', 9, 'E', 'N', '(09)3225-988', 'Intermediate', '2004-05-20', 300, 300, '2012-01-14', 1),
(318, 'Chantal', 'Bou', '219 Birk Avenue ', 4, 'F', 'H', '(09)2765-822', 'Intermediate', '2004-09-02', 300, 300, '2012-01-05', 1),
(319, 'Corina', 'Bettencourt', '359 Kauripark Avenue', 8, 'F', 'D', '(09)2254-688', 'Junior', '2006-02-27', 250, 250, '2012-01-25', 1),
(320, 'Terrie', 'Belanger', '489 Rangitoto Terrace', 7, 'J', 'D', '(09)1650-098', 'Senior', '2003-01-11', 350, 0, NULL, 0),
(321, 'Joana', 'Butler', '77 Longview Road', 9, 'A', 'O', '(09)4005-223', 'Senior', '2000-06-16', 350, 350, '2012-01-05', 1),
(322, 'Chase', 'Eisner', '459 Woodhams Street', 3, 'M', 'D', '(09)4541-308', 'Intermediate', '2004-01-30', 300, 300, '2012-01-29', 1),
(323, 'Mahendra', 'Amin', '53 Harrow Road', 9, 'M', 'J', '(09)2517-953', 'Intermediate', '2004-05-05', 300, 300, '2012-03-13', 1),
(324, 'Annice', 'Chubb', '142 Wallace Place', 4, 'J', 'E', '(09)7670-521', 'Intermediate', '2004-08-29', 300, 300, '2012-02-12', 1),
(325, 'Tisa', 'Dileo', '171 Byron Avenue', 9, 'K', 'E', '(09)8514-036', 'Senior', '2000-05-31', 350, 0, NULL, 0),
(326, 'Nikhil', 'Andre', '397 Richmond Place', 8, 'B', 'A', '(09)4015-251', 'Junior', '2005-08-07', 250, 250, '2012-01-24', 1),
(327, 'Sona', 'Denis', '469 Bay Avenue', 8, 'K', 'L', '(09)3304-591', 'Senior', '2003-06-16', 350, 0, NULL, 0),
(328, 'Daniell', 'Concepcion', '69 Hunts Road', 8, 'I', 'E', '(09)4973-939', 'Junior', '2006-02-16', 250, 250, '2012-01-29', 1),
(329, 'Mckinley', 'Ferrin', '353 Victoria Road West', 4, 'C', 'M', '(09)6561-253', 'Senior', '2000-09-19', 350, 350, '2012-02-28', 1),
(330, 'Jammie', 'Bryden', '214 Lakeview Road', 9, 'G', 'M', '(09)5737-441', 'Junior', '2005-12-23', 250, 250, '2012-01-04', 1),
(331, 'Alan', 'Ambrosino', '95 Livingstone Street', 9, 'M', 'N', '(09)4094-435', 'Intermediate', '2004-03-23', 300, 300, '2012-02-15', 1),
(332, 'Rosana', 'Ceballos', '195 Milton Road', 8, 'H', 'A', '(09)4240-821', 'Senior', '2002-08-13', 350, 350, '2012-01-06', 1),
(333, 'Jonathon', 'Dykstra', '414 Salisbury Road', 3, 'D', 'K', '(09)7725-359', 'Junior', '2005-04-24', 250, 250, '2012-02-13', 1),
(334, 'Maida', 'Caster', '326 Aramoana Avenue', 7, 'M', 'D', '(09)2774-894', 'Senior', '2001-10-08', 350, 350, '2012-02-20', 1),
(335, 'Leeanna', 'Choy', '384 Kelly Place', 4, 'G', 'H', '(09)7689-627', 'Senior', '2002-07-30', 350, 350, '2012-03-01', 1),
(336, 'Bruce', 'Doney', '95 Plymouth Crescent', 1, 'I', 'N', '(09)8312-693', 'Senior', '2003-08-18', 350, 350, '2012-01-14', 1),
(337, 'Barbara', 'Altizer', '220 Saint Aubyn Street', 7, 'J', 'O', '(09)3818-237', 'Junior', '2006-02-28', 250, 250, '2012-02-18', 1),
(338, 'Eugena', 'Delozier', '464 Wairoa Avenue', 4, 'B', 'K', '(09)7381-879', 'Senior', '2002-08-16', 350, 350, '2012-01-19', 1),
(339, 'Marquerite', 'Bratten', '391 Macky Avenue', 7, 'P', 'N', '(09)2867-637', 'Senior', '2001-12-06', 350, 350, '2012-01-05', 1),
(340, 'Jaime', 'Bartholomew', '27 Titoki Avenue', 9, 'P', 'C', '(09)7639-186', 'Senior', '2000-09-08', 350, 350, '2012-02-18', 1),
(341, 'Merry', 'Bloom', '429 Wernham Place', 4, 'M', 'C', '(09)8687-738', 'Senior', '2001-05-11', 350, 350, '2012-03-20', 1),
(342, 'Cortez', 'Fitzsimmons', '79 Commerce Street', 4, 'B', 'P', '(09)4190-574', 'Senior', '2000-09-09', 350, 350, '2012-02-23', 1),
(343, 'See', 'Dalley', '78 Hauraki Road', 9, 'A', 'D', '(09)1945-578', 'Senior', '2000-12-19', 350, 350, '2012-01-22', 1),
(344, 'Karthik', 'Abdullah', '252 Crown Hill', 9, 'H', 'M', '(09)5204-777', 'Senior', '2001-02-04', 350, 350, '2012-03-01', 1),
(345, 'Micheal', 'Choice', '53 Arawa Street', 4, 'N', 'J', '(09)4880-860', 'Junior', '2005-12-04', 250, 250, '2012-01-04', 1),
(346, 'Carson', 'Etter', '423 Kauri Glen Road', 4, 'H', 'O', '(09)6290-066', 'Senior', '2003-02-01', 350, 350, '2012-01-01', 1),
(347, 'Anton', 'Ellwood', '213 Buchanan Street', 7, 'H', 'H', '(09)8814-327', 'Senior', '2002-04-15', 350, 350, '2012-02-17', 1),
(348, 'Carly', 'Berndt', '450 King Street', 4, 'H', 'M', '(09)5541-100', 'Senior', '2002-11-03', 350, 350, '2012-02-19', 1),
(349, 'Maddie', 'Dinger', '493 Bond Street', 7, 'E', 'J', '(09)5589-875', 'Junior', '2005-12-10', 250, 250, '2012-02-20', 1),
(350, 'Lino', 'Fink', '227 Eru Street', 9, 'A', 'N', '(09)7838-300', 'Senior', '2002-03-28', 350, 350, '2012-03-13', 1),
(351, 'Courtney', 'Babineau', '400 Walter Street', 9, 'I', 'C', '(09)4600-136', 'Senior', '2000-08-03', 350, 350, '2012-01-01', 1),
(352, 'Sharilyn', 'Dalke', '271 Glenwood Avenue', 4, 'A', 'H', '(09)2329-594', 'Senior', '2002-04-11', 350, 0, NULL, 0),
(353, 'Raghukishan', 'Abram', '230 Hinemoa Avenue', 7, 'P', 'I', '(09)9107-851', 'Senior', '2001-07-28', 350, 350, '2012-01-05', 1),
(354, 'Arlen', 'Fish', '17 Wairoa Road', 7, 'N', 'M', '(09)8270-267', 'Senior', '2000-08-08', 350, 350, '2012-03-13', 1),
(355, 'Yevette', 'Dejohn', '162 Barlow Place', 4, 'O', 'M', '(09)8326-019', 'Senior', '2003-09-10', 350, 0, NULL, 0),
(356, 'Dione', 'Chacon', '86 Wynyard Street', 7, 'P', 'L', '(09)1151-812', 'Senior', '2003-01-28', 350, 350, '2012-02-12', 1),
(357, 'Sondra', 'Beauchamp', '410 Aeroview Drive', 3, 'C', 'F', '(09)3210-431', 'Intermediate', '2004-07-03', 300, 0, NULL, 0),
(358, 'Tommie', 'Edgell', '488 Faulkner Road', 8, 'D', 'P', '(09)8045-659', 'Senior', '2001-08-09', 350, 0, NULL, 0),
(359, 'Tyrell', 'Ferguson', '103 Earnoch Avenue', 9, 'M', 'N', '(09)7129-207', 'Junior', '2004-10-30', 250, 0, NULL, 0),
(360, 'Shana', 'Beason', '340 McPhail Street', 3, 'P', 'P', '(09)7296-194', 'Junior', '2004-12-25', 250, 250, '2012-03-09', 1),
(361, 'Tayna', 'Dillard', '52 Eversleigh Road', 9, 'O', 'J', '(09)1493-853', 'Senior', '2001-06-29', 350, 0, NULL, 0),
(362, 'Audria', 'Dizon', '438 Lake Street', 7, 'M', 'A', '(09)1245-335', 'Junior', '2005-08-07', 250, 250, '2012-01-30', 1),
(363, 'Kellee', 'Cates', '155 Glade Place', 4, 'K', 'D', '(09)5334-372', 'Senior', '2003-06-08', 350, 350, '2012-01-20', 1),
(364, 'Bobbie', 'Engles', '412 Great North Road', 7, 'A', 'P', '(09)7525-134', 'Junior', '2005-03-29', 250, 250, '2012-02-20', 1),
(365, 'Brandon', 'Dong', '80 Alma Street', 8, 'N', 'E', '(09)2958-500', 'Intermediate', '2004-09-27', 300, 300, '2012-02-23', 1),
(366, 'Estelle', 'Barga', '376 Geranium Hill', 7, 'G', 'H', '(09)5999-478', 'Senior', '2000-06-21', 350, 350, '2012-01-05', 1),
(367, 'Carisa', 'Cleaver', '245 William Street', 7, 'C', 'N', '(09)4874-492', 'Senior', '2000-08-28', 350, 350, '2012-01-04', 1),
(368, 'Angelita', 'Bibbs', '144 Onepoto Road', 9, 'I', 'D', '(09)7214-464', 'Senior', '2000-06-17', 350, 350, '2012-02-03', 1),
(369, 'Michal', 'Child', '348 Cardwell Terrace', 7, 'O', 'P', '(09)5816-090', 'Intermediate', '2003-10-27', 300, 300, '2012-01-23', 1),
(370, 'Kaitlyn', 'Bitting', '474 Bath Street', 7, 'O', 'A', '(09)3203-443', 'Junior', '2006-01-04', 250, 250, '2012-02-01', 1),
(371, 'Denisha', 'Chipps', '326 Stanley Avenue', 9, 'P', 'O', '(09)6847-258', 'Junior', '2004-12-15', 250, 250, '2012-01-04', 1),
(372, 'Berneice', 'Chu', '440 Wakakura Crescent', 7, 'E', 'F', '(09)7679-090', 'Senior', '2000-08-04', 350, 350, '2012-01-17', 1),
(373, 'Moses', 'Edenfield', '174 Vauxhall Road', 7, 'L', 'M', '(09)5190-160', 'Junior', '2005-06-10', 250, 250, '2012-02-29', 1),
(374, 'Lacie', 'Brier', '485 First Avenue', 7, 'F', 'F', '(09)6659-975', 'Junior', '2005-03-10', 250, 250, '2012-01-25', 1),
(375, 'Ned', 'Emmer', '233 City View Terrace', 4, 'C', 'K', '(09)5705-563', 'Senior', '2002-12-21', 350, 350, '2012-01-14', 1),
(376, 'Emogene', 'Buchman', '204 Burns Avenue', 9, 'P', 'A', '(09)8247-565', 'Junior', '2004-10-07', 250, 250, '2012-01-29', 1),
(377, 'Michelina', 'Cuddy', '252 Patuone Place', 7, 'L', 'K', '(09)6180-220', 'Senior', '2000-07-31', 350, 350, '2012-01-18', 1),
(378, 'Shenita', 'Coello', '25 Francis Street', 9, 'E', 'K', '(09)4034-986', 'Senior', '2002-12-10', 350, 0, NULL, 0),
(379, 'Rolland', 'Feller', '112 Kowhai Street', 9, 'G', 'F', '(09)7234-147', 'Junior', '2005-10-06', 250, 250, '2012-02-28', 1),
(380, 'Madelaine', 'Crosier', '137 Charles Street', 9, 'G', 'F', '(09)1504-278', 'Junior', '2005-05-05', 250, 250, '2012-03-04', 1),
(381, 'Page', 'Buse', '65 Heath Avenue', 8, 'M', 'O', '(09)7371-795', 'Senior', '2002-07-17', 350, 350, '2012-03-14', 1),
(382, 'Mathew', 'Due', '62 Lytton Street', 7, 'C', 'A', '(09)3319-610', 'Intermediate', '2004-01-19', 300, 300, '2012-01-31', 1),
(383, 'Isis', 'Cinnamon', '258 Akarana Street', 4, 'A', 'L', '(09)8981-345', 'Junior', '2005-10-07', 250, 250, '2012-02-16', 1),
(384, 'Chanell', 'Crisman', '489 Cameron Street', 9, 'L', 'E', '(09)4836-165', 'Junior', '2005-09-07', 250, 250, '2012-02-20', 1),
(385, 'Klara', 'Copland', '193 Canongate Street', 3, 'N', 'K', '(09)2128-931', 'Junior', '2005-07-05', 250, 250, '2012-01-20', 1),
(386, 'Yajaira', 'Daigneault', '209 Lake Road', 8, 'O', 'C', '(09)7106-448', 'Intermediate', '2004-09-02', 300, 0, NULL, 0),
(387, 'Tanisha', 'Benningfield', '493 Maraetai Road', 9, 'M', 'I', '(09)8229-352', 'Senior', '2003-01-25', 350, 0, NULL, 0),
(388, 'Kandice', 'Brimer', '331 Glendhu Road', 3, 'N', 'I', '(09)8428-462', 'Junior', '2005-03-29', 250, 250, '2012-03-04', 1),
(389, 'Woodrow', 'Eastham', '301 Beech Street', 7, 'M', 'G', '(09)1523-004', 'Senior', '2000-12-07', 350, 0, NULL, 0),
(390, 'Carlton', 'Durham', '471 Lakeville Road', 9, 'H', 'A', '(09)6555-195', 'Senior', '2001-11-24', 350, 350, '2012-02-16', 1),
(391, 'Marlyn', 'Borel', '96 Oxford Terrace', 7, 'C', 'M', '(09)1633-821', 'Senior', '2001-06-23', 350, 350, '2012-01-09', 1),
(392, 'Alanna', 'Branstetter', '367 Church Street', 7, 'P', 'G', '(09)2315-830', 'Senior', '2003-07-28', 350, 350, '2012-03-22', 1),
(393, 'Adan', 'Esteban', '2 Rawene Road', 4, 'C', 'B', '(09)5525-342', 'Senior', '2003-07-20', 350, 350, '2012-01-04', 1),
(394, 'Loreta', 'Coulson', '281 Blomfield Spa', 9, 'C', 'F', '(09)8148-169', 'Senior', '2003-04-28', 350, 350, '2012-03-24', 1),
(395, 'Roxie', 'Bentz', '356 Opua Street', 9, 'G', 'D', '(09)4288-992', 'Intermediate', '2003-12-27', 300, 300, '2012-01-27', 1),
(396, 'Hipolito', 'Ferrer', '84 Lovers Walk', 7, 'C', 'C', '(09)8475-444', 'Intermediate', '2004-09-29', 300, 300, '2012-02-12', 1);
INSERT INTO `members` (`ID`, `firstName`, `lastName`, `streetAddress`, `suburbID`, `fatherInitial`, `motherInitial`, `telephone`, `grade`, `dateOfBirth`, `annualFee`, `amountPaid`, `datePaid`, `hasPaid`) VALUES
(397, 'Brent', 'Drouin', '25 Niagara Place', 4, 'G', 'J', '(09)4513-344', 'Senior', '2003-02-05', 350, 350, '2012-01-09', 1),
(398, 'Mark', 'Adelman', '350 Coroglen Avenue', 4, 'J', 'A', '(09)7675-601', 'Senior', '2002-02-03', 350, 350, '2012-02-02', 1),
(399, 'Vennie', 'Deaver', '366 Vermont Road', 3, 'H', 'B', '(09)8293-190', 'Junior', '2005-02-25', 250, 0, NULL, 0),
(400, 'Chris', 'Basquez', '220 Sandy Bay Road', 7, 'B', 'I', '(09)4695-301', 'Senior', '2000-05-09', 350, 350, '2012-03-06', 1),
(401, 'Madalyn', 'Calfee', '67 Bartley Terrace', 7, 'I', 'H', '(09)1940-254', 'Senior', '2000-07-30', 350, 350, '2012-01-19', 1),
(402, 'Mirtha', 'Coffee', '350 Kauri Road', 4, 'E', 'M', '(09)2197-908', 'Senior', '2003-03-05', 350, 350, '2012-02-17', 1),
(403, 'Domitila', 'Cost', '206 Old Lake Road', 8, 'L', 'B', '(09)8702-061', 'Senior', '2003-01-18', 350, 350, '2012-03-10', 1),
(404, 'Brianna', 'Belgrave', '72 Crichton Terrace', 9, 'H', 'N', '(09)8897-958', 'Senior', '2001-01-19', 350, 350, '2012-02-12', 1),
(405, 'Tawana', 'Bloomquist', '333 Rewa Road', 9, 'E', 'H', '(09)2922-124', 'Senior', '2003-01-01', 350, 0, NULL, 0),
(406, 'Chet', 'Fernando', '91 Roseneath Street', 3, 'O', 'P', '(09)2541-524', 'Junior', '2005-02-20', 250, 250, '2012-02-28', 1),
(407, 'Hassie', 'Crowder', '91 Pupuke Road', 9, 'F', 'B', '(09)7393-680', 'Intermediate', '2004-03-16', 300, 300, '2012-01-24', 1),
(408, 'Terrell', 'Eden', '412 Cambridge Terrace', 7, 'P', 'L', '(09)2302-377', 'Junior', '2005-02-23', 250, 0, NULL, 0),
(409, 'Howard', 'Donoho', '253 Inkster Street', 4, 'M', 'M', '(09)3369-309', 'Intermediate', '2004-03-02', 300, 300, '2012-01-18', 1),
(410, 'Vernice', 'Bailey', '16 Garden Terrace', 7, 'K', 'H', '(09)7254-474', 'Intermediate', '2004-02-24', 300, 0, NULL, 0),
(411, 'Amit', 'Abner', '169 Hillside Road', 9, 'K', 'C', '(09)9024-375', 'Senior', '2000-07-25', 350, 350, '2012-01-14', 1),
(412, 'Fabian', 'Emory', '308 Derby Street', 7, 'K', 'A', '(09)3222-226', 'Junior', '2005-11-01', 250, 250, '2012-02-14', 1),
(413, 'Kari', 'Barfield', '459 Hutton Road', 4, 'A', 'O', '(09)7457-684', 'Senior', '2001-03-14', 350, 350, '2012-03-08', 1),
(414, 'Shanell', 'Burbank', '280 Vienna Place', 4, 'F', 'L', '(09)6727-945', 'Senior', '2000-07-21', 350, 350, '2012-01-18', 1),
(415, 'Andra', 'Bourdeau', '99 Eldon Street', 9, 'I', 'C', '(09)5166-531', 'Junior', '2005-06-25', 250, 250, '2012-01-20', 1),
(416, 'Bulah', 'Craven', '213 Drake Road', 8, 'I', 'A', '(09)2967-493', 'Intermediate', '2004-03-10', 300, 300, '2012-03-24', 1),
(417, 'Brittani', 'Brigham', '27 Eton Avenue', 7, 'D', 'J', '(09)3740-961', 'Intermediate', '2003-12-15', 300, 300, '2012-01-17', 1),
(418, 'Karlyn', 'Dees', '175 Gatman Street', 3, 'L', 'L', '(09)3064-882', 'Senior', '2000-09-11', 350, 350, '2012-01-14', 1),
(419, 'Rachal', 'Curtsinger', '80 Awanui Street', 4, 'K', 'C', '(09)1917-797', 'Intermediate', '2004-08-06', 300, 300, '2012-01-16', 1),
(420, 'Sadye', 'Creekmore', '419 Collins Street', 9, 'I', 'F', '(09)8686-962', 'Junior', '2005-08-19', 250, 250, '2012-01-02', 1),
(421, 'Ming', 'Crespin', '356 Anzac Street', 9, 'F', 'M', '(09)7871-633', 'Intermediate', '2004-02-08', 300, 300, '2012-01-24', 1),
(422, 'Porsche', 'Daughtrey', '469 Summer Street', 7, 'P', 'P', '(09)2324-100', 'Senior', '2002-12-20', 350, 350, '2012-01-21', 1),
(423, 'Xiaochong', 'Alleyne', '256 Wynyard Road', 7, 'J', 'K', '(09)7198-064', 'Senior', '2003-01-27', 350, 0, NULL, 0),
(424, 'Marvis', 'Cressey', '182 Hague Place', 4, 'K', 'G', '(09)6278-987', 'Junior', '2006-01-15', 250, 250, '2012-01-31', 1),
(425, 'Harmony', 'Campfield', '383 Achillies Crescent', 7, 'M', 'P', '(09)8720-994', 'Senior', '2001-05-13', 350, 350, '2012-01-06', 1),
(426, 'Delora', 'Buttler', '275 Crescent Road', 4, 'C', 'I', '(09)2907-860', 'Intermediate', '2003-10-30', 300, 300, '2012-01-19', 1),
(427, 'Melany', 'Cheng', '277 Portsmouth Street', 1, 'J', 'N', '(09)3257-193', 'Intermediate', '2004-04-20', 300, 300, '2012-01-12', 1),
(428, 'Lisha', 'Chapa', '296 Lake Beach Road', 9, 'M', 'L', '(09)6363-063', 'Senior', '2002-10-31', 350, 350, '2012-01-07', 1),
(429, 'Sherman', 'Earles', '196 Holiday Road', 9, 'H', 'B', '(09)1086-387', 'Intermediate', '2004-05-13', 300, 0, NULL, 0),
(430, 'Ahmed', 'Fendley', '241 Cobley\'s Road', 7, 'N', 'M', '(09)6268-165', 'Junior', '2004-12-25', 250, 250, '2012-02-10', 1),
(431, 'Eun', 'Aarons', '305 Brassey Road', 4, 'L', 'C', '(09)1869-695', 'Senior', '2001-12-05', 350, 350, '2012-01-20', 1),
(432, 'Albert', 'Altamirano', '272 Cadness Street', 8, 'K', 'A', '(09)5227-903', 'Senior', '2000-09-22', 350, 350, '2012-02-21', 1),
(433, 'Eura', 'Desalvo', '20 David Street', 9, 'M', 'A', '(09)1727-743', 'Senior', '2001-08-02', 350, 350, '2012-02-18', 1),
(434, 'Rosa', 'Arzola', '85 Minnehaha Avenue', 9, 'E', 'E', '(09)8255-147', 'Junior', '2006-03-31', 250, 250, '2012-03-09', 1),
(435, 'Leanora', 'Delia', '320 Grey Street', 7, 'L', 'K', '(09)7309-996', 'Senior', '2000-08-26', 350, 350, '2012-01-04', 1),
(436, 'Christiana', 'Bruening', '492 Kawerau Avenue', 7, 'J', 'N', '(09)1891-704', 'Intermediate', '2003-12-21', 300, 300, '2012-03-12', 1),
(437, 'Seth', 'Dunkley', '121 Lake Road', 7, 'M', 'J', '(09)5665-664', 'Senior', '2002-08-30', 350, 350, '2012-03-15', 1),
(438, 'Rubi', 'Curtin', '97 Tennyson Avenue', 9, 'O', 'N', '(09)5135-532', 'Junior', '2005-02-04', 250, 250, '2012-02-18', 1),
(439, 'Deandra', 'Center', '100 Fairfax Avenue', 8, 'K', 'H', '(09)3715-614', 'Senior', '2002-08-30', 350, 350, '2012-01-28', 1),
(440, 'Delcie', 'Delrosario', '251 Chelsea Road', 4, 'P', 'I', '(09)6457-254', 'Senior', '2001-06-02', 350, 350, '2012-02-21', 1),
(441, 'Tam', 'Cheesman', '249 Telephone Road', 4, 'N', 'H', '(09)4292-878', 'Intermediate', '2004-08-02', 300, 0, NULL, 0),
(442, 'Corrin', 'Diep', '45 Winscombe Street', 9, 'J', 'D', '(09)8316-419', 'Senior', '2001-04-24', 350, 350, '2012-01-05', 1),
(443, 'Odis', 'Favorite', '160 Mozley Avenue', 7, 'E', 'G', '(09)3913-027', 'Intermediate', '2004-05-20', 300, 300, '2012-01-28', 1),
(444, 'Blythe', 'Claar', '436 Stafford Road', 7, 'I', 'F', '(09)1507-658', 'Senior', '2002-11-10', 350, 350, '2012-02-06', 1),
(445, 'Ebonie', 'Coppinger', '429 Ihumata Road', 9, 'O', 'O', '(09)5950-754', 'Senior', '2001-10-28', 350, 350, '2012-03-04', 1),
(446, 'Stanford', 'Fenimore', '234 Gordon Road', 8, 'E', 'K', '(09)5034-976', 'Senior', '2001-02-02', 350, 0, NULL, 0),
(447, 'Xavier', 'Elliston', '332 Prospect Street', 9, 'J', 'D', '(09)5889-398', 'Intermediate', '2004-09-12', 300, 0, NULL, 0),
(448, 'Francisco', 'Chess', '447 Channel View Road', 9, 'H', 'G', '(09)4881-086', 'Senior', '2000-08-27', 350, 350, '2012-03-23', 1),
(449, 'Lonnie', 'Duerr', '125 Northboro Road', 9, 'F', 'P', '(09)5390-777', 'Junior', '2005-08-27', 250, 250, '2012-01-09', 1),
(450, 'Larisa', 'Cangelosi', '384 Taiaotea Street', 9, 'P', 'B', '(09)8773-491', 'Senior', '2002-06-09', 350, 350, '2012-02-19', 1),
(451, 'Winston', 'Edgin', '393 Balfour Street', 1, 'O', 'D', '(09)6932-762', 'Senior', '2003-06-28', 350, 0, NULL, 0),
(452, 'Shari', 'Barstow', '439 Milford Road', 9, 'I', 'P', '(09)6299-322', 'Junior', '2005-11-28', 250, 0, NULL, 0),
(453, 'Rosetta', 'Baumer', '161 King Edward Avenue', 9, 'N', 'K', '(09)2241-448', 'Senior', '2003-07-02', 350, 350, '2012-02-21', 1),
(454, 'Jess', 'Egger', '158 Cracroft Street', 7, 'K', 'D', '(09)5619-534', 'Junior', '2005-01-08', 250, 250, '2012-01-10', 1),
(455, 'Faustina', 'Catron', '375 Bardia Street', 2, 'P', 'P', '(09)1387-504', 'Intermediate', '2004-09-12', 300, 300, '2012-02-20', 1),
(456, 'Myong', 'Bulloch', '154 Katrondowar Street', 7, 'D', 'H', '(09)2384-274', 'Intermediate', '2003-10-16', 300, 300, '2012-01-04', 1),
(457, 'Brandi', 'Balducci', '332 Coronation Road', 9, 'F', 'J', '(09)7729-139', 'Senior', '2000-11-12', 350, 350, '2012-03-24', 1),
(458, 'Adrianne', 'Blackwelder', '389 Norwood Road', 1, 'L', 'P', '(09)8966-569', 'Senior', '2000-12-18', 350, 350, '2012-01-16', 1),
(459, 'Ty', 'Engle', '376 Park Avenue', 8, 'G', 'O', '(09)3132-614', 'Senior', '2001-07-12', 350, 0, NULL, 0),
(460, 'Qiongying', 'Acree', '215 Wharf Street', 7, 'C', 'L', '(09)6682-039', 'Junior', '2005-10-24', 250, 250, '2012-01-19', 1),
(461, 'Tai', 'Cooney', '229 Rangitira Avenue', 9, 'L', 'C', '(09)8600-364', 'Senior', '2001-06-14', 350, 0, NULL, 0),
(462, 'Alexandra', 'Barbera', '392 Ascot Avenue', 7, 'N', 'D', '(09)4446-401', 'Intermediate', '2003-10-27', 300, 300, '2012-01-28', 1),
(463, 'Bella', 'Bodie', '367 Hall Street', 8, 'A', 'D', '(09)5380-899', 'Senior', '2003-03-30', 350, 350, '2012-03-07', 1),
(464, 'Kevin', 'Antunez', '239 Ewen Street', 9, 'A', 'F', '(09)6241-054', 'Junior', '2005-05-04', 250, 250, '2012-02-08', 1),
(465, 'Melda', 'Coover', '422 Fifeshire Street', 9, 'A', 'D', '(09)8633-827', 'Senior', '2001-08-28', 350, 350, '2012-02-15', 1),
(466, 'Tilda', 'Deboer', '311 Saint Leonard\'s Road', 9, 'O', 'E', '(09)7332-733', 'Junior', '2005-09-22', 250, 0, NULL, 0),
(467, 'Kristian', 'Burritt', '300 Karaka Street', 9, 'B', 'J', '(09)5176-633', 'Junior', '2005-07-04', 250, 250, '2012-01-30', 1),
(468, 'Renate', 'Borrego', '88 Hinemoa Street', 4, 'N', 'H', '(09)4520-249', 'Senior', '2000-12-29', 350, 350, '2012-03-04', 1),
(469, 'Larae', 'Caskey', '313 Niccol Avenue', 7, 'B', 'N', '(09)4807-384', 'Junior', '2005-09-12', 250, 250, '2012-02-05', 1),
(470, 'Signe', 'Castanon', '142 East Lake Road', 9, 'E', 'L', '(09)4605-382', 'Senior', '2003-01-11', 350, 0, NULL, 0),
(471, 'Aretha', 'Boland', '362 Stott Avenue', 3, 'G', 'E', '(09)7805-213', 'Senior', '2002-02-21', 350, 350, '2012-03-10', 1),
(472, 'Hoyt', 'Field', '108 Tizard Road', 4, 'I', 'K', '(09)5032-838', 'Senior', '2000-12-13', 350, 350, '2012-02-18', 1),
(473, 'Nella', 'Buchan', '166 Apollo Place', 4, 'B', 'K', '(09)7893-199', 'Senior', '2001-07-08', 350, 350, '2012-03-17', 1),
(474, 'Corine', 'Berg', '491 Darby Street', 7, 'A', 'B', '(09)5016-760', 'Senior', '2002-08-20', 350, 350, '2012-01-10', 1),
(475, 'Lashell', 'Diaz', '256 Radiata Lane', 4, 'I', 'L', '(09)3178-233', 'Senior', '2002-04-16', 350, 350, '2012-02-20', 1),
(476, 'Dora', 'Baccus', '352 Bayswater Avenue', 1, 'G', 'A', '(09)8267-725', 'Senior', '2002-09-21', 350, 350, '2012-01-24', 1),
(477, 'Mary', 'Arango', '304 Herbert Street', 9, 'G', 'J', '(09)2247-248', 'Intermediate', '2004-01-13', 300, 300, '2012-01-18', 1),
(478, 'Madelene', 'Coyne', '285 North Road', 4, 'O', 'H', '(09)1231-494', 'Senior', '2002-11-17', 350, 350, '2012-03-09', 1),
(479, 'Audra', 'Beers', '467 Beacholm Road', 9, 'I', 'N', '(09)3546-123', 'Senior', '2003-08-07', 350, 350, '2012-03-05', 1),
(480, 'Kathlyn', 'Bullard', '104 Pullum Street', 4, 'M', 'K', '(09)2287-032', 'Senior', '2000-07-26', 350, 350, '2012-03-11', 1),
(481, 'Numbers', 'Estell', '230 Wanganella Street', 4, 'N', 'M', '(09)7088-830', 'Junior', '2006-01-22', 250, 250, '2012-02-19', 1),
(482, 'Gabriella', 'Boothby', '125 Nutsey Avenue', 8, 'C', 'D', '(09)2714-968', 'Senior', '2002-05-24', 350, 350, '2012-01-31', 1),
(483, 'Breanne', 'Buhl', '320 Milford Beach Road', 9, 'H', 'I', '(09)6278-862', 'Intermediate', '2004-08-30', 300, 300, '2012-02-23', 1),
(484, 'Kizzy', 'Cabe', '401 Christina Avenue', 4, 'O', 'M', '(09)2706-672', 'Junior', '2004-11-08', 250, 250, '2012-01-09', 1),
(485, 'Julio', 'Dick', '51 Exmouth Road', 8, 'J', 'K', '(09)5831-699', 'Junior', '2006-02-11', 250, 250, '2012-03-21', 1),
(486, 'Carry', 'Crary', '299 Princes Street', 7, 'J', 'B', '(09)4399-019', 'Intermediate', '2004-07-06', 300, 300, '2012-01-07', 1),
(487, 'Delfina', 'Borg', '356 Thornton Street', 9, 'G', 'P', '(09)2756-703', 'Senior', '2000-11-28', 350, 350, '2012-01-06', 1),
(488, 'Love', 'Deyo', '135 Saint Ann\'s Road', 7, 'A', 'F', '(09)7240-393', 'Senior', '2000-08-27', 350, 350, '2012-03-07', 1),
(489, 'Catalina', 'Beliveau', '359 Hendon Avenue', 3, 'G', 'P', '(09)4916-496', 'Junior', '2005-10-18', 250, 250, '2012-01-24', 1),
(490, 'Wm', 'Dyer', '211 Tennyson Street', 8, 'D', 'H', '(09)1668-251', 'Senior', '2000-04-04', 350, 0, NULL, 0),
(491, 'Irma', 'Bachmann', '173 Beach Road', 8, 'M', 'H', '(09)6809-887', 'Senior', '2003-07-31', 350, 350, '2012-03-11', 1),
(492, 'Kenda', 'Cormack', '102 Fentham Road', 9, 'J', 'F', '(09)1651-097', 'Intermediate', '2004-08-27', 300, 300, '2012-03-05', 1),
(493, 'Marion', 'Auger', '239 Maunganui Road', 4, 'C', 'I', '(09)4039-690', 'Senior', '2001-05-20', 350, 350, '2012-03-02', 1),
(494, 'Hendrawan', 'Alejos', '312 Waterview Road', 7, 'D', 'P', '(09)7185-817', 'Senior', '2001-06-25', 350, 350, '2012-03-22', 1),
(495, 'Imogene', 'Beamon', '365 Evan Street', 9, 'P', 'C', '(09)6408-361', 'Senior', '2001-09-08', 350, 350, '2012-02-14', 1),
(496, 'Anastacia', 'Busse', '457 College Road', 8, 'N', 'P', '(09)7186-249', 'Intermediate', '2003-10-11', 300, 300, '2012-01-08', 1),
(497, 'Penni', 'Cloutier', '395 Burgoyne Street', 7, 'L', 'B', '(09)7371-045', 'Senior', '2000-06-23', 350, 350, '2012-01-10', 1),
(498, 'Lorraine', 'Au', '473 Hall Road', 4, 'K', 'M', '(09)7329-444', 'Senior', '2002-06-29', 350, 350, '2012-02-15', 1),
(499, 'Adah', 'Costillo', '329 Pierce Road', 9, 'B', 'B', '(09)4174-055', 'Intermediate', '2004-06-01', 300, 300, '2012-02-20', 1),
(500, 'Sal', 'Featherston', '231 Ewen Alison Avenue', 7, 'C', 'J', '(09)4301-610', 'Senior', '2000-07-30', 350, 350, '2012-03-07', 1),
(501, 'Shavon', 'Cantrell', '418 Seacliffe Road', 9, 'B', 'O', '(09)7741-949', 'Senior', '2002-12-23', 350, 0, NULL, 0),
(502, 'Diosdado', 'Abbate', '389 Corella Road', 9, 'O', 'G', '(09)5954-987', 'Senior', '2002-05-27', 350, 350, '2012-02-27', 1),
(503, 'Candyce', 'Chevez', '472 Merani Street', 7, 'G', 'P', '(09)6571-855', 'Senior', '2003-07-18', 350, 350, '2012-01-28', 1),
(504, 'Lloyd', 'Drain', '61 Wilding Avenue', 8, 'L', 'A', '(09)3864-495', 'Junior', '2006-01-12', 250, 250, '2012-03-12', 1),
(505, 'Leta', 'Billman', '379 Old Lake Road', 4, 'F', 'B', '(09)8825-936', 'Senior', '2000-09-14', 350, 350, '2012-01-20', 1),
(506, 'Candie', 'Campos', '413 Raleigh Crescent', 8, 'K', 'H', '(09)9087-268', 'Senior', '2002-11-11', 350, 350, '2012-03-19', 1),
(507, 'Maryellen', 'Bicknell', '158 Stanley Street', 7, 'H', 'O', '(09)2947-983', 'Senior', '2002-05-25', 350, 350, '2012-01-12', 1),
(508, 'Fawn', 'Box', '193 Rae Place', 4, 'I', 'F', '(09)4730-472', 'Senior', '2003-01-12', 350, 350, '2012-03-21', 1),
(509, 'Bowen', 'Andre', '376 Harbour View Road', 4, 'N', 'J', '(09)2211-642', 'Senior', '2000-11-22', 350, 350, '2012-03-05', 1),
(510, 'Pedro', 'Dressler', '65 Woodside Avenue', 8, 'E', 'L', '(09)2397-016', 'Junior', '2006-02-08', 250, 250, '2012-02-23', 1),
(511, 'Erik', 'Ducksworth', '185 Bulwer Street', 7, 'D', 'C', '(09)4310-225', 'Senior', '2000-09-09', 350, 350, '2012-01-20', 1),
(512, 'Carie', 'Caffey', '454 Rewi Street', 9, 'D', 'G', '(09)5575-543', 'Junior', '2005-01-29', 250, 250, '2012-03-09', 1),
(513, 'Owen', 'Easterly', '219 Promenade', 9, 'D', 'J', '(09)6808-209', 'Senior', '2003-04-12', 350, 350, '2012-02-19', 1),
(514, 'Jonie', 'Croteau', '291 Felstead Street', 4, 'D', 'I', '(09)3568-863', 'Senior', '2000-11-07', 350, 350, '2012-02-06', 1),
(515, 'Chang', 'Fay', '444 Anne Street North', 7, 'O', 'L', '(09)4602-564', 'Senior', '2001-04-09', 350, 350, '2012-03-11', 1),
(516, 'Frank', 'Abad', '363 Ajax Street', 7, 'K', 'H', '(09)2717-652', 'Junior', '2006-02-18', 250, 250, '2012-03-16', 1),
(517, 'Glenn', 'Dotts', '448 Harrison Avenue', 9, 'M', 'B', '(09)7126-673', 'Senior', '2002-09-07', 350, 350, '2012-01-03', 1),
(518, 'Abhijat', 'Adorno', '302 Hauraki Street', 4, 'K', 'H', '(09)6336-764', 'Senior', '2002-12-01', 350, 350, '2012-02-17', 1),
(519, 'Jacelyn', 'Cosgrove', '36 Bayview Place', 4, 'C', 'H', '(09)6096-455', 'Senior', '2001-12-12', 350, 350, '2012-03-07', 1),
(520, 'Sean', 'Dorgan', '185 Takarunga Road', 7, 'D', 'A', '(09)6474-497', 'Senior', '2003-05-24', 350, 350, '2012-01-09', 1),
(521, 'Iraida', 'Cullens', '226 Tiri Tiri Road', 3, 'A', 'N', '(09)2525-187', 'Senior', '2002-07-25', 350, 350, '2012-01-16', 1),
(522, 'Nelida', 'Burmeister', '157 Hinemoa Terrace', 4, 'N', 'A', '(09)2844-667', 'Senior', '2002-01-22', 350, 350, '2012-01-09', 1),
(523, 'Tynisha', 'Deutsch', '149 Heath\'s Road', 8, 'N', 'O', '(09)2812-149', 'Senior', '2000-07-18', 350, 0, NULL, 0),
(524, 'Leatrice', 'Braithwaite', '344 Johns Street', 7, 'P', 'J', '(09)8972-546', 'Senior', '2002-03-23', 350, 350, '2012-01-20', 1),
(525, 'Elayne', 'Carlin', '317 Belle Vue Avenue', 8, 'B', 'O', '(09)6038-081', 'Senior', '2000-11-10', 350, 350, '2012-02-27', 1),
(526, 'Cruz', 'Escoto', '436 Puriri Street', 9, 'O', 'O', '(09)7649-372', 'Senior', '2000-07-17', 350, 350, '2012-01-30', 1),
(527, 'Myo', 'Aldridge', '476 Arawa Avenue', 6, 'N', 'P', '(09)7619-960', 'Senior', '2002-04-14', 350, 350, '2012-02-19', 1),
(528, 'Edgar', 'Drysdale', '333 Northcroft Street', 9, 'N', 'B', '(09)2885-483', 'Senior', '2001-03-21', 350, 350, '2012-01-02', 1),
(529, 'Daisy', 'Bainbridge', '289 Hamilton Road', 9, 'K', 'M', '(09)1081-440', 'Senior', '2000-09-08', 350, 350, '2012-01-12', 1),
(530, 'Julian', 'Dunagan', '320 Island Bay Road', 4, 'J', 'D', '(09)5869-923', 'Intermediate', '2003-10-24', 300, 300, '2012-02-19', 1),
(531, 'Vicky', 'Banta', '461 Cautley Street', 7, 'K', 'B', '(09)8870-910', 'Senior', '2001-06-26', 350, 0, NULL, 0),
(532, 'Mao', 'Cuellar', '381 Bank Street', 7, 'D', 'J', '(09)2429-241', 'Senior', '2003-09-07', 350, 350, '2012-01-25', 1),
(533, 'Carmelia', 'Demarest', '409 Gillespie Street', 7, 'O', 'J', '(09)5951-420', 'Junior', '2005-02-12', 250, 250, '2012-02-25', 1),
(534, 'Antony', 'Evatt', '382 Jutland Road', 9, 'P', 'J', '(09)6765-199', 'Junior', '2005-03-17', 250, 250, '2012-02-05', 1),
(535, 'Barb', 'Bobb', '355 Northfleet Street', 7, 'J', 'P', '(09)7589-058', 'Junior', '2005-08-16', 250, 250, '2012-01-04', 1),
(536, 'Johanna', 'Barry', '324 Grand Vue Crescent', 4, 'N', 'E', '(09)6763-102', 'Intermediate', '2004-03-18', 300, 300, '2012-03-08', 1),
(537, 'Tesha', 'Claire', '185 Hayman Street', 4, 'N', 'B', '(09)5895-125', 'Intermediate', '2004-06-07', 300, 0, NULL, 0),
(538, 'Leonore', 'Clatterbuck', '351 Saltburn Road', 9, 'M', 'O', '(09)7492-722', 'Junior', '2004-11-07', 250, 250, '2012-03-09', 1),
(539, 'Calvin', 'Dozier', '381 Rattray Street', 7, 'F', 'N', '(09)2389-890', 'Senior', '2000-11-11', 350, 350, '2012-01-15', 1),
(540, 'Hayden', 'Fleenor', '345 Old Lake Road', 7, 'L', 'M', '(09)5705-906', 'Senior', '2001-04-10', 350, 350, '2012-03-01', 1),
(541, 'Dorothea', 'Baver', '78 Wesley Street', 7, 'L', 'I', '(09)2468-652', 'Junior', '2006-03-03', 250, 250, '2012-02-04', 1),
(542, 'Lavonia', 'Chretien', '163 Rugby Road', 4, 'P', 'I', '(09)4859-305', 'Senior', '2001-09-29', 350, 350, '2012-01-11', 1),
(543, 'Boris', 'Falco', '2 Alison Avenue', 7, 'E', 'G', '(09)6674-659', 'Senior', '2002-06-22', 350, 350, '2012-02-22', 1),
(544, 'Delmer', 'Felder', '380 Jellicoe Road', 9, 'L', 'K', '(09)6082-599', 'Senior', '2002-12-01', 350, 350, '2012-02-08', 1),
(545, 'Mirta', 'Brockett', '376 Vauxhall Esplanade', 7, 'M', 'G', '(09)6662-631', 'Intermediate', '2004-08-03', 300, 300, '2012-01-24', 1),
(546, 'Mikaela', 'Decoteau', '142 Lake Town Road', 9, 'N', 'P', '(09)8716-200', 'Junior', '2005-07-03', 250, 250, '2012-03-13', 1),
(547, 'Joey', 'Budge', '42 Levesque Street', 3, 'P', 'K', '(09)2496-864', 'Intermediate', '2004-06-08', 300, 300, '2012-02-03', 1),
(548, 'Verda', 'Bloss', '13 Chippendale Crescent', 3, 'K', 'G', '(09)7617-097', 'Intermediate', '2004-01-20', 300, 0, NULL, 0),
(549, 'Dion', 'Deshazo', '196 Milford Avenue', 9, 'A', 'C', '(09)2498-711', 'Senior', '2000-06-14', 350, 350, '2012-01-22', 1),
(550, 'Heidi', 'Babcock', '330 Wood Street', 4, 'P', 'E', '(09)9055-272', 'Intermediate', '2004-05-02', 300, 300, '2012-03-10', 1),
(551, 'Deedee', 'Cousar', '292 Redpath Avenue', 7, 'A', 'M', '(09)7874-309', 'Intermediate', '2004-08-14', 300, 300, '2012-03-21', 1),
(552, 'Delaine', 'Concannon', '297 Rewiti Avenue', 9, 'M', 'C', '(09)7325-622', 'Senior', '2001-10-15', 350, 350, '2012-03-21', 1),
(553, 'Colene', 'Deal', '396 Kerr Street', 7, 'G', 'E', '(09)4741-788', 'Senior', '2003-06-07', 350, 350, '2012-03-16', 1),
(554, 'Amina', 'Canaday', '71 Chelsea View Drive', 4, 'G', 'E', '(09)3288-944', 'Junior', '2006-01-10', 250, 250, '2012-02-17', 1),
(555, 'Kurtis', 'Esparza', '340 Campbell Road', 9, 'D', 'A', '(09)7051-436', 'Senior', '2001-06-11', 350, 350, '2012-01-05', 1),
(556, 'Marylyn', 'Burris', '94 North Road', 9, 'M', 'K', '(09)5129-799', 'Junior', '2006-03-06', 250, 250, '2012-03-13', 1),
(557, 'Robby', 'Eugene', '428 Wolsley Street', 7, 'J', 'L', '(09)3077-747', 'Senior', '2000-11-12', 350, 350, '2012-02-24', 1),
(558, 'Casie', 'Carolina', '370 Morrison Avenue', 7, 'D', 'M', '(09)8734-458', 'Senior', '2001-05-07', 350, 350, '2012-01-09', 1),
(559, 'Armida', 'Breese', '51 Porritt Avenue', 4, 'P', 'G', '(09)1344-780', 'Intermediate', '2004-05-02', 300, 300, '2012-02-08', 1),
(560, 'Josefa', 'Beshears', '476 Rarere Road', 9, 'M', 'I', '(09)8088-873', 'Senior', '2001-08-02', 350, 350, '2012-01-18', 1),
(561, 'Chantelle', 'Bromley', '380 Utting Street', 3, 'M', 'P', '(09)6201-300', 'Intermediate', '2003-10-17', 300, 300, '2012-03-02', 1),
(562, 'Ila', 'Beier', '484 Taylor Place', 4, 'C', 'D', '(09)2784-288', 'Senior', '2002-03-05', 350, 350, '2012-03-14', 1),
(563, 'Trina', 'Bassett', '348 Fraser Avenue', 8, 'O', 'D', '(09)6482-611', 'Senior', '2002-07-19', 350, 0, NULL, 0),
(564, 'Retta', 'Callen', '264 Hororata Road', 9, 'G', 'L', '(09)7397-861', 'Senior', '2000-10-19', 350, 350, '2012-02-14', 1),
(565, 'Jamie', 'Duclos', '177 Coronation Street', 2, 'M', 'G', '(09)3683-736', 'Junior', '2005-11-05', 250, 250, '2012-01-22', 1),
(566, 'Michelle', 'Arden', '291 Peterborough Street', 8, 'H', 'J', '(09)7075-305', 'Intermediate', '2004-06-07', 300, 300, '2012-01-10', 1),
(567, 'Pia', 'Callender', '28 Waterloo Crescent', 9, 'F', 'I', '(09)8226-315', 'Senior', '2002-01-19', 350, 350, '2012-01-16', 1),
(568, 'Lakeesha', 'Daw', '54 Westwell Road', 9, 'B', 'I', '(09)6570-213', 'Intermediate', '2004-07-09', 300, 300, '2012-01-21', 1),
(569, 'Garfield', 'Ferro', '408 Mere Road', 9, 'F', 'M', '(09)1572-605', 'Junior', '2005-11-21', 250, 250, '2012-03-05', 1),
(570, 'Gonzalo', 'Engelbrecht', '272 Vincent Street', 8, 'O', 'L', '(09)9089-884', 'Senior', '2001-06-01', 350, 350, '2012-01-19', 1),
(571, 'Jen', 'Coffman', '248 Burgess Road', 7, 'C', 'I', '(09)3553-616', 'Senior', '2001-07-17', 350, 350, '2012-02-26', 1),
(572, 'Amos', 'Edelstein', '14 Deuxberry Avenue', 8, 'K', 'B', '(09)7335-616', 'Senior', '2002-10-31', 350, 350, '2012-03-20', 1),
(573, 'Wilbert', 'Earwood', '427 Hillcrest Ave', 8, 'C', 'B', '(09)8966-491', 'Senior', '2000-04-24', 350, 0, NULL, 0),
(574, 'Casandra', 'Bibb', '101 Kowhai Street', 8, 'L', 'O', '(09)4003-286', 'Intermediate', '2003-12-10', 300, 300, '2012-01-26', 1),
(575, 'Napoleon', 'Farnum', '464 Manuka Road', 3, 'L', 'B', '(09)2167-825', 'Senior', '2003-09-09', 350, 350, '2012-01-06', 1),
(576, 'Haley', 'Behnke', '35 Crabbs Street', 7, 'P', 'M', '(09)4577-893', 'Intermediate', '2004-03-29', 300, 300, '2012-02-10', 1),
(577, 'Mendy', 'Conner', '103 Hamana Street', 7, 'D', 'F', '(09)2027-454', 'Junior', '2006-01-01', 250, 250, '2012-03-19', 1),
(578, 'Bettyann', 'Despres', '93 Beach Road', 1, 'M', 'E', '(09)5679-522', 'Intermediate', '2004-06-24', 300, 300, '2012-02-23', 1),
(579, 'Ada', 'Bakker', '244 Allenby Avenue', 7, 'A', 'H', '(09)8324-474', 'Junior', '2005-10-06', 250, 250, '2012-01-22', 1),
(580, 'Melvina', 'Bosque', '228 Seddon Road', 4, 'A', 'K', '(09)5352-691', 'Senior', '2003-08-25', 350, 350, '2012-02-27', 1),
(581, 'Gregorio', 'Ellis', '421 Malvern Road', 7, 'P', 'E', '(09)1796-710', 'Junior', '2006-03-26', 250, 250, '2012-01-19', 1),
(582, 'Yadira', 'Bonilla', '280 Jackson Street', 9, 'D', 'E', '(09)8051-239', 'Senior', '2001-02-14', 350, 0, NULL, 0),
(583, 'Margart', 'Chairez', '386 Jubilee Avenue', 7, 'O', 'A', '(09)4223-549', 'Senior', '2000-12-25', 350, 350, '2012-03-23', 1),
(584, 'Jennie', 'Alonzo', '235 Fenwick Avenue', 9, 'P', 'M', '(09)7713-772', 'Senior', '2001-04-26', 350, 350, '2012-01-19', 1),
(585, 'Vincent', 'Dotson', '427 Trader Street', 4, 'D', 'N', '(09)5758-651', 'Junior', '2005-08-12', 250, 0, NULL, 0),
(586, 'Teresita', 'Blanco', '416 Second Ave', 7, 'J', 'B', '(09)3575-785', 'Junior', '2005-06-18', 250, 0, NULL, 0),
(587, 'Viviana', 'Botelho', '378 Bradney Road', 8, 'B', 'I', '(09)8794-344', 'Senior', '2003-03-18', 350, 0, NULL, 0),
(588, 'Beverley', 'Bilodeau', '362 Clarence Street', 8, 'I', 'J', '(09)8446-883', 'Senior', '2000-11-21', 350, 350, '2012-02-09', 1),
(589, 'Allyn', 'Dobbins', '304 Le Roy Terrace', 4, 'M', 'C', '(09)7372-765', 'Senior', '2001-12-21', 350, 350, '2012-01-07', 1),
(590, 'Jacinto', 'Fleury', '461 Rosyth Avenue', 1, 'D', 'G', '(09)8909-427', 'Intermediate', '2004-05-24', 300, 300, '2012-01-15', 1),
(591, 'Agueda', 'Destefano', '206 Queen Street', 8, 'B', 'D', '(09)6387-392', 'Junior', '2005-12-02', 250, 250, '2012-02-17', 1);

-- --------------------------------------------------------

--
-- Table structure for table `suburb`
--

CREATE TABLE `suburb` (
  `ID` int(2) UNSIGNED NOT NULL,
  `name` varchar(15) NOT NULL
) ENGINE=InnoDB DEFAULT CHARSET=latin1;

--
-- Dumping data for table `suburb`
--

INSERT INTO `suburb` (`ID`, `name`) VALUES
(1, 'Bayswater 9610'),
(2, 'Belmont 0635'),
(3, 'Birkdale 0625'),
(4, 'Birkenhead 0626'),
(5, 'Chatswood 0634'),
(6, 'Cheltenham 0615'),
(7, 'Devonport 0622'),
(8, 'Northcote 0645'),
(9, 'Takapuna 0620');

--
-- Indexes for dumped tables
--

--
-- Indexes for table `events`
--
ALTER TABLE `events`
  ADD PRIMARY KEY (`ID`);

--
-- Indexes for table `login`
--
ALTER TABLE `login`
  ADD PRIMARY KEY (`ID`);

--
-- Indexes for table `memberevents`
--
ALTER TABLE `memberevents`
  ADD KEY `memberID` (`memberID`),
  ADD KEY `eventID` (`eventID`);

--
-- Indexes for table `members`
--
ALTER TABLE `members`
  ADD PRIMARY KEY (`ID`),
  ADD KEY `suburbID` (`suburbID`);

--
-- Indexes for table `suburb`
--
ALTER TABLE `suburb`
  ADD PRIMARY KEY (`ID`);

--
-- AUTO_INCREMENT for dumped tables
--

--
-- AUTO_INCREMENT for table `events`
--
ALTER TABLE `events`
  MODIFY `ID` int(4) UNSIGNED NOT NULL AUTO_INCREMENT, AUTO_INCREMENT=11;

--
-- AUTO_INCREMENT for table `login`
--
ALTER TABLE `login`
  MODIFY `ID` int(1) UNSIGNED NOT NULL AUTO_INCREMENT, AUTO_INCREMENT=2;

--
-- AUTO_INCREMENT for table `members`
--
ALTER TABLE `members`
  MODIFY `ID` int(4) UNSIGNED NOT NULL AUTO_INCREMENT, AUTO_INCREMENT=592;

--
-- AUTO_INCREMENT for table `suburb`
--
ALTER TABLE `suburb`
  MODIFY `ID` int(2) UNSIGNED NOT NULL AUTO_INCREMENT, AUTO_INCREMENT=10;

--
-- Constraints for dumped tables
--

--
-- Constraints for table `memberevents`
--
ALTER TABLE `memberevents`
  ADD CONSTRAINT `memberevents_ibfk_1` FOREIGN KEY (`memberID`) REFERENCES `members` (`ID`),
  ADD CONSTRAINT `memberevents_ibfk_2` FOREIGN KEY (`eventID`) REFERENCES `events` (`ID`);

--
-- Constraints for table `members`
--
ALTER TABLE `members`
  ADD CONSTRAINT `members_ibfk_1` FOREIGN KEY (`suburbID`) REFERENCES `suburb` (`ID`);
COMMIT;

/*!40101 SET CHARACTER_SET_CLIENT=@OLD_CHARACTER_SET_CLIENT */;
/*!40101 SET CHARACTER_SET_RESULTS=@OLD_CHARACTER_SET_RESULTS */;
/*!40101 SET COLLATION_CONNECTION=@OLD_COLLATION_CONNECTION */;
